yyyy-mm-dd timestamp,MQ6,MQ5,MQ4,MQ7,MQ3,MQ8,MQ2,MQ135,MQ9,BMPTemperature,Pressure(Pa),DHTTemperature,Humidity,Target
2024-09-16 16:05:39,321,797,713,345,953,733,668,720,730,36.13,84535.90,37.00,56.00,SilverMynSauvBlanc
2024-09-16 16:05:40,321,800,711,344,954,732,667,722,730,36.14,84414.80,37.00,56.00,SilverMynSauvBlanc
2024-09-16 16:05:40,322,797,711,342,955,732,668,722,731,36.17,84153.03,37.00,56.00,SilverMynSauvBlanc
2024-09-16 16:05:41,324,798,713,341,955,733,669,721,729,36.17,84227.08,37.00,56.00,SilverMynSauvBlanc
2024-09-16 16:05:42,324,800,713,342,956,732,668,720,730,36.18,84177.35,37.00,56.00,SilverMynSauvBlanc
2024-09-16 16:05:42,326,799,716,343,956,732,668,721,730,36.18,84153.60,37.00,56.00,SilverMynSauvBlanc
2024-09-16 16:05:43,324,799,715,343,955,732,668,722,731,36.18,84156.02,37.00,56.00,SilverMynSauvBlanc
2024-09-16 16:05:43,327,799,715,343,954,734,667,722,728,36.19,83983.49,37.00,56.00,SilverMynSauvBlanc
2024-09-16 16:05:44,326,799,716,340,955,731,669,722,729,36.18,83819.83,37.00,56.00,SilverMynSauvBlanc
2024-09-16 16:05:44,329,797,718,342,956,731,669,721,730,36.19,83259.63,37.00,56.00,SilverMynSauvBlanc
2024-09-16 16:05:45,328,798,716,340,956,731,669,721,730,36.18,83209.89,37.00,56.00,SilverMynSauvBlanc
2024-09-16 16:05:45,327,797,717,343,957,733,669,721,731,36.18,84438.65,37.00,56.00,SilverMynSauvBlanc
2024-09-16 16:05:46,331,799,718,340,954,732,668,720,729,36.18,84336.64,37.00,56.00,SilverMynSauvBlanc
2024-09-16 16:05:46,330,799,720,340,956,733,668,722,729,36.18,84255.58,37.00,56.00,SilverMynSauvBlanc
2024-09-16 16:05:47,330,800,718,343,954,733,670,722,729,36.18,84427.28,37.00,56.00,SilverMynSauvBlanc
2024-09-16 16:05:47,332,799,718,341,956,733,668,722,729,36.19,84468.00,37.00,56.00,SilverMynSauvBlanc
2024-09-16 16:05:48,332,798,717,342,957,732,669,724,728,36.19,84596.75,37.00,56.00,SilverMynSauvBlanc
2024-09-16 16:05:48,332,798,719,343,954,731,670,724,728,36.19,84808.32,37.00,56.00,SilverMynSauvBlanc
2024-09-16 16:05:49,332,797,719,342,955,731,669,724,730,36.20,84893.07,37.00,56.00,SilverMynSauvBlanc
2024-09-16 16:05:49,334,798,720,342,954,733,671,724,730,36.19,85042.28,37.00,56.00,SilverMynSauvBlanc
2024-09-16 16:05:50,334,798,719,344,956,732,669,724,730,36.20,84799.07,37.00,56.00,SilverMynSauvBlanc
2024-09-16 16:05:50,336,799,720,343,954,731,669,725,730,36.20,85038.44,37.00,56.00,SilverMynSauvBlanc
2024-09-16 16:05:51,336,800,719,343,955,732,671,725,729,36.20,84875.44,37.00,56.00,SilverMynSauvBlanc
2024-09-16 16:05:51,336,800,719,341,955,733,669,725,730,36.20,84969.07,37.00,56.00,SilverMynSauvBlanc
2024-09-16 16:05:52,335,798,720,343,955,734,669,723,729,36.20,85085.11,37.00,56.00,SilverMynSauvBlanc
2024-09-16 16:05:52,335,798,720,344,955,731,670,724,730,36.20,85071.83,37.00,56.00,SilverMynSauvBlanc
2024-09-16 16:05:53,338,798,721,343,956,731,670,727,729,36.20,85087.38,37.00,56.00,SilverMynSauvBlanc
2024-09-16 16:05:53,337,800,720,342,956,733,670,725,729,36.20,85224.39,37.00,56.00,SilverMynSauvBlanc
2024-09-16 16:05:54,338,800,720,343,955,732,669,725,729,36.20,85270.35,37.00,56.00,SilverMynSauvBlanc
2024-09-16 16:05:54,338,799,722,342,955,731,670,726,729,36.20,85110.94,37.00,56.00,SilverMynSauvBlanc
2024-09-16 16:05:55,340,800,721,342,954,733,672,725,729,36.21,85157.63,37.00,56.00,SilverMynSauvBlanc
2024-09-16 16:05:55,339,800,720,341,955,732,671,725,729,36.20,85234.33,37.00,56.00,SilverMynSauvBlanc
2024-09-16 16:05:56,340,798,722,341,956,732,669,728,728,36.20,85242.89,37.00,56.00,SilverMynSauvBlanc
2024-09-16 16:05:57,341,800,721,341,955,734,669,726,730,36.21,85300.92,37.00,56.00,SilverMynSauvBlanc
2024-09-16 16:05:57,343,800,724,341,955,733,671,726,728,36.21,85182.11,37.00,56.00,SilverMynSauvBlanc
2024-09-16 16:05:58,341,799,724,339,956,734,669,727,729,36.21,85216.16,37.00,56.00,SilverMynSauvBlanc
2024-09-16 16:05:58,342,801,722,339,954,732,670,727,730,36.21,85163.24,37.00,56.00,SilverMynSauvBlanc
2024-09-16 16:05:59,342,801,723,339,956,731,670,726,730,36.20,85088.44,37.00,56.00,SilverMynSauvBlanc
2024-09-16 16:05:59,344,801,722,340,956,733,669,727,729,36.20,85110.44,37.00,56.00,SilverMynSauvBlanc
2024-09-16 16:06:00,344,801,723,339,954,732,669,728,730,36.20,85095.44,37.00,56.00,SilverMynSauvBlanc
2024-09-16 16:06:00,344,799,724,339,956,732,671,727,729,36.20,84911.99,37.00,56.00,SilverMynSauvBlanc
2024-09-16 16:06:01,345,801,722,341,954,732,669,727,728,36.20,84741.80,37.00,56.00,SilverMynSauvBlanc
2024-09-16 16:06:01,344,800,724,339,956,733,669,730,728,36.20,84736.89,37.00,56.00,SilverMynSauvBlanc
2024-09-16 16:06:02,345,801,723,338,955,733,669,729,729,36.19,84828.07,37.00,56.00,SilverMynSauvBlanc
2024-09-16 16:06:02,345,800,723,340,955,732,670,729,730,36.20,85026.89,37.00,56.00,SilverMynSauvBlanc
2024-09-16 16:06:03,345,800,724,340,955,733,671,729,729,36.19,85575.57,37.00,56.00,SilverMynSauvBlanc
2024-09-16 16:06:03,347,800,725,339,955,732,671,729,729,36.20,85334.42,37.00,56.00,SilverMynSauvBlanc
2024-09-16 16:06:04,347,800,723,340,956,732,671,730,729,36.20,85270.48,37.00,56.00,SilverMynSauvBlanc
2024-09-16 16:06:04,346,801,722,340,955,732,669,731,730,36.19,85521.03,37.00,56.00,SilverMynSauvBlanc
2024-09-16 16:06:05,346,801,722,339,955,732,671,730,731,36.20,85030.60,37.00,56.00,SilverMynSauvBlanc
2024-09-16 16:06:05,347,799,724,338,955,733,668,729,730,36.20,84527.97,37.00,56.00,SilverMynSauvBlanc
2024-09-16 16:06:06,349,802,724,339,954,732,669,729,728,36.20,83686.97,37.00,56.00,SilverMynSauvBlanc
2024-09-16 16:06:06,348,801,722,339,956,732,668,727,730,36.19,83319.56,37.00,56.00,SilverMynSauvBlanc
2024-09-16 16:06:07,349,801,724,341,955,733,668,726,730,36.18,83435.11,37.00,56.00,SilverMynSauvBlanc
2024-09-16 16:06:07,346,802,721,340,956,731,668,728,728,36.18,84019.27,37.00,56.00,SilverMynSauvBlanc
2024-09-16 16:06:08,348,801,723,341,953,732,667,728,730,36.18,84015.42,37.00,56.00,SilverMynSauvBlanc
2024-09-16 16:06:08,349,800,722,338,955,732,667,728,729,36.18,84256.80,37.00,56.00,SilverMynSauvBlanc
2024-09-16 16:06:09,347,801,722,341,955,733,669,728,729,36.19,84583.99,37.00,56.00,SilverMynSauvBlanc
2024-09-16 16:06:09,348,801,722,341,957,731,668,729,730,36.18,84531.05,37.00,56.00,SilverMynSauvBlanc
2024-09-16 16:06:10,346,802,721,340,954,732,667,729,730,36.19,84255.07,37.00,56.00,SilverMynSauvBlanc
2024-09-16 16:06:11,348,801,724,339,955,733,667,728,731,36.19,84518.33,37.00,56.00,SilverMynSauvBlanc
2024-09-16 16:06:11,348,801,722,337,955,733,668,727,731,36.19,84580.33,37.00,56.00,SilverMynSauvBlanc
2024-09-16 16:06:12,349,799,723,339,955,733,667,729,730,36.18,84517.07,37.00,56.00,SilverMynSauvBlanc
2024-09-16 16:06:12,346,801,722,338,955,732,669,729,729,36.19,84550.11,37.00,56.00,SilverMynSauvBlanc
2024-09-16 16:06:13,347,801,722,339,955,731,669,730,730,36.19,84431.35,37.00,56.00,SilverMynSauvBlanc
2024-09-16 16:06:13,346,801,721,341,955,732,668,730,731,36.18,83823.69,37.00,56.00,SilverMynSauvBlanc
2024-09-16 16:06:14,347,801,720,338,955,731,667,729,730,36.19,84038.14,37.00,56.00,SilverMynSauvBlanc
2024-09-16 16:06:14,345,800,720,338,954,733,667,727,731,36.19,83976.32,37.00,56.00,SilverMynSauvBlanc
2024-09-16 16:06:15,345,800,719,338,953,731,668,728,730,36.18,83555.78,37.00,56.00,SilverMynSauvBlanc
2024-09-16 16:06:15,346,800,721,341,954,732,667,728,730,36.18,83917.45,37.00,56.00,SilverMynSauvBlanc
2024-09-16 16:06:16,345,801,719,340,955,731,667,728,729,36.18,83839.55,38.00,57.00,SilverMynSauvBlanc
2024-09-16 16:06:16,344,801,720,339,955,733,666,728,729,36.19,83816.86,38.00,57.00,SilverMynSauvBlanc
2024-09-16 16:06:17,344,800,721,340,955,732,667,728,731,36.18,83650.25,38.00,57.00,SilverMynSauvBlanc
2024-09-16 16:06:17,344,800,719,339,955,732,668,725,730,36.18,83139.50,38.00,57.00,SilverMynSauvBlanc
2024-09-16 16:06:18,342,802,721,340,955,732,665,726,730,36.18,82988.83,38.00,57.00,SilverMynSauvBlanc
2024-09-16 16:06:18,342,802,718,340,956,731,665,724,730,36.18,83046.82,38.00,57.00,SilverMynSauvBlanc
2024-09-16 16:06:19,343,801,718,340,954,732,665,724,730,36.18,83773.89,38.00,57.00,SilverMynSauvBlanc
2024-09-16 16:06:19,342,801,719,343,956,733,667,724,731,36.19,84405.27,38.00,57.00,SilverMynSauvBlanc
2024-09-16 16:06:20,341,802,720,342,955,732,667,725,731,36.19,84687.58,38.00,57.00,SilverMynSauvBlanc
2024-09-16 16:06:20,343,800,720,340,956,730,667,728,729,36.19,84638.52,38.00,57.00,SilverMynSauvBlanc
2024-09-16 16:06:21,342,800,718,340,956,733,665,727,730,36.19,84671.21,38.00,57.00,SilverMynSauvBlanc
2024-09-16 16:06:21,341,800,719,340,953,731,667,726,730,36.19,84761.34,38.00,57.00,SilverMynSauvBlanc
2024-09-16 16:06:22,340,801,718,340,956,730,666,728,730,36.20,84573.19,38.00,57.00,SilverMynSauvBlanc
2024-09-16 16:06:22,339,802,717,340,957,730,666,728,731,36.19,84499.82,38.00,57.00,SilverMynSauvBlanc
2024-09-16 16:06:23,339,800,718,341,954,730,667,727,730,36.20,84606.22,37.00,56.00,SilverMynSauvBlanc
2024-09-16 16:06:23,340,799,717,341,955,731,667,728,730,36.20,84898.83,37.00,56.00,SilverMynSauvBlanc
2024-09-16 16:06:24,338,799,718,340,956,732,666,726,730,36.20,85126.16,37.00,56.00,SilverMynSauvBlanc
2024-09-16 16:06:24,337,800,717,341,954,730,666,729,730,36.20,85150.44,37.00,56.00,SilverMynSauvBlanc
2024-09-16 16:06:25,336,801,715,341,954,730,666,729,730,36.20,84739.20,37.00,56.00,SilverMynSauvBlanc
2024-09-16 16:06:26,336,801,715,340,955,732,667,727,732,36.20,85284.65,37.00,56.00,SilverMynSauvBlanc
2024-09-16 16:06:26,334,799,714,341,957,732,666,729,731,36.20,85398.03,37.00,56.00,SilverMynSauvBlanc
2024-09-16 16:06:27,335,799,716,342,956,732,667,729,732,36.20,85109.91,38.00,57.00,SilverMynSauvBlanc
2024-09-16 16:06:27,333,799,713,342,956,733,666,728,732,36.20,85214.58,38.00,57.00,SilverMynSauvBlanc
2024-09-16 16:06:28,332,801,713,342,956,732,666,729,731,36.20,85507.96,38.00,57.00,SilverMynSauvBlanc
2024-09-16 16:06:28,332,800,713,343,957,730,666,729,731,36.20,85689.21,38.00,57.00,SilverMynSauvBlanc
2024-09-16 16:06:29,331,798,712,343,956,731,666,731,730,36.21,85669.63,38.00,57.00,SilverMynSauvBlanc
2024-09-16 16:06:29,330,800,711,342,955,732,667,730,730,36.21,85595.36,38.00,57.00,SilverMynSauvBlanc
2024-09-16 16:06:30,330,798,713,343,955,732,666,731,730,36.21,85668.42,38.00,57.00,SilverMynSauvBlanc
2024-09-16 16:06:30,330,799,713,343,956,731,667,730,732,36.21,85289.39,37.00,56.00,SilverMynSauvBlanc
2024-09-16 16:06:31,328,800,710,343,957,731,666,730,730,36.21,85314.89,37.00,56.00,SilverMynSauvBlanc
2024-09-16 16:06:31,330,800,711,342,956,731,667,730,732,36.21,85327.64,37.00,56.00,SilverMynSauvBlanc
2024-09-16 16:06:32,327,800,712,341,956,732,665,731,732,36.20,85220.33,37.00,56.00,SilverMynSauvBlanc
2024-09-16 16:06:32,326,799,712,344,956,731,668,730,730,36.20,85428.46,37.00,56.00,SilverMynSauvBlanc
2024-09-16 16:06:33,328,798,712,343,956,732,667,731,731,36.20,85305.97,37.00,56.00,SilverMynSauvBlanc
2024-09-16 16:06:33,325,800,710,344,954,732,666,731,732,36.20,85283.80,37.00,56.00,SilverMynSauvBlanc
2024-09-16 16:06:34,326,800,709,343,955,733,667,731,731,36.20,84455.85,38.00,57.00,SilverMynSauvBlanc
2024-09-16 16:06:34,325,800,710,343,956,733,665,731,730,36.20,83849.22,38.00,57.00,SilverMynSauvBlanc
2024-09-16 16:06:35,326,800,710,342,955,730,666,729,731,36.20,83576.60,38.00,57.00,SilverMynSauvBlanc
2024-09-16 16:06:35,326,797,710,344,954,731,664,729,731,36.19,84113.97,38.00,57.00,SilverMynSauvBlanc
2024-09-16 16:06:36,323,798,711,344,955,731,666,728,732,36.19,84250.38,38.00,57.00,SilverMynSauvBlanc
2024-09-16 16:06:36,325,800,710,342,955,731,664,730,732,36.19,84433.28,38.00,57.00,SilverMynSauvBlanc
2024-09-16 16:06:37,325,797,710,342,956,731,666,728,731,36.20,84295.97,38.00,57.00,SilverMynSauvBlanc
2024-09-16 16:06:37,325,797,708,342,956,730,665,731,731,36.20,84478.34,38.00,56.00,SilverMynSauvBlanc
2024-09-16 16:06:38,323,797,709,344,954,732,665,729,732,36.19,84495.25,38.00,56.00,SilverMynSauvBlanc
2024-09-16 16:06:38,324,798,708,342,956,731,664,731,730,36.19,84506.64,38.00,56.00,SilverMynSauvBlanc
2024-09-16 16:06:39,322,797,707,343,955,732,664,730,733,36.20,84460.17,38.00,56.00,SilverMynSauvBlanc
2024-09-16 16:06:40,321,798,709,343,954,731,666,729,732,36.20,84571.44,38.00,56.00,SilverMynSauvBlanc
2024-09-16 16:06:40,320,798,706,344,954,729,666,732,730,36.20,84593.81,38.00,56.00,SilverMynSauvBlanc
2024-09-16 16:06:41,319,797,707,342,955,729,665,732,730,36.20,84374.59,38.00,56.00,SilverMynSauvBlanc
2024-09-16 16:06:41,319,797,708,342,956,732,664,730,732,36.19,84374.24,38.00,57.00,SilverMynSauvBlanc
2024-09-16 16:06:42,319,798,706,342,956,730,666,730,730,36.19,84225.41,38.00,57.00,SilverMynSauvBlanc
2024-09-16 16:06:42,317,797,707,344,956,731,664,729,732,36.19,84408.82,38.00,57.00,SilverMynSauvBlanc
2024-09-16 16:06:43,317,798,705,345,955,731,664,731,731,36.19,84724.30,38.00,57.00,SilverMynSauvBlanc
2024-09-16 16:06:43,317,799,704,344,956,731,665,730,731,36.19,84179.12,38.00,57.00,SilverMynSauvBlanc
2024-09-16 16:06:44,319,796,706,342,956,730,663,731,732,36.19,83897.40,38.00,57.00,SilverMynSauvBlanc
2024-09-16 16:06:44,318,796,706,342,956,729,664,729,733,36.19,83300.67,38.00,57.00,SilverMynSauvBlanc
2024-09-16 16:06:45,316,797,703,345,955,730,663,728,733,36.18,83155.39,38.00,56.00,SilverMynSauvBlanc
2024-09-16 16:06:45,314,797,703,345,956,729,664,729,730,36.19,83692.00,38.00,56.00,SilverMynSauvBlanc
2024-09-16 16:06:46,315,795,703,345,956,729,665,728,731,36.19,84188.72,38.00,56.00,SilverMynSauvBlanc
2024-09-16 16:06:46,314,798,703,343,957,729,663,728,733,36.19,84206.03,38.00,56.00,SilverMynSauvBlanc
2024-09-16 16:06:47,314,797,703,345,956,730,664,728,731,36.19,84312.23,38.00,56.00,SilverMynSauvBlanc
2024-09-16 16:06:47,315,795,704,343,955,729,665,729,731,36.19,84190.14,38.00,56.00,SilverMynSauvBlanc
2024-09-16 16:06:49,315,796,702,343,956,725,662,727,733,36.24,85018.89,38.00,57.00,SilverMynSauvBlanc
2024-09-16 16:06:50,313,796,703,344,956,723,662,729,731,36.24,85049.46,38.00,57.00,SilverMynSauvBlanc
2024-09-16 16:06:50,316,796,702,342,956,726,662,727,732,36.24,85315.05,38.00,57.00,SilverMynSauvBlanc
2024-09-16 16:06:51,313,795,704,343,954,724,663,729,730,36.25,85147.69,38.00,57.00,SilverMynSauvBlanc
2024-09-16 16:06:51,314,796,702,343,955,725,663,729,732,36.24,85102.96,38.00,56.00,SilverMynSauvBlanc
2024-09-16 16:06:52,314,795,704,343,954,725,661,729,733,36.24,84990.77,38.00,56.00,SilverMynSauvBlanc
2024-09-16 16:06:52,315,793,703,343,955,724,664,728,731,36.24,84937.65,38.00,56.00,SilverMynSauvBlanc
2024-09-16 16:06:53,315,794,703,343,955,724,662,730,730,36.24,84813.41,38.00,56.00,SilverMynSauvBlanc
2024-09-16 16:06:54,313,796,704,341,957,723,664,729,732,36.24,84541.39,38.00,56.00,SilverMynSauvBlanc
2024-09-16 16:06:54,313,795,704,340,957,724,661,729,732,36.24,84421.39,38.00,56.00,SilverMynSauvBlanc
2024-09-16 16:06:55,312,794,702,341,956,724,662,727,730,36.24,84436.58,38.00,56.00,SilverMynSauvBlanc
2024-09-16 16:06:55,313,795,704,341,957,725,663,727,731,36.24,84402.15,38.00,57.00,SilverMynSauvBlanc
2024-09-16 16:06:56,315,795,704,340,956,723,662,728,732,36.24,83968.60,38.00,57.00,SilverMynSauvBlanc
2024-09-16 16:06:56,315,794,704,340,956,725,663,729,733,36.23,83697.35,38.00,57.00,SilverMynSauvBlanc
2024-09-16 16:06:57,313,796,702,341,955,725,662,726,731,36.24,83297.97,38.00,57.00,SilverMynSauvBlanc
2024-09-16 16:06:57,313,793,704,341,954,724,661,725,731,36.23,83002.34,38.00,57.00,SilverMynSauvBlanc
2024-09-16 16:06:58,314,795,703,339,955,722,662,724,732,36.24,82963.39,38.00,57.00,SilverMynSauvBlanc
2024-09-16 16:06:58,314,794,704,339,957,723,660,725,732,36.23,82947.85,38.00,57.00,SilverMynSauvBlanc
2024-09-16 16:06:59,313,794,703,340,955,724,661,723,731,36.23,83811.74,38.00,56.00,SilverMynSauvBlanc
2024-09-16 16:06:59,313,794,702,341,954,722,661,726,731,36.24,84729.02,38.00,56.00,SilverMynSauvBlanc
2024-09-16 16:07:00,313,795,702,342,955,725,661,725,733,36.24,84885.23,38.00,56.00,SilverMynSauvBlanc
2024-09-16 16:07:00,314,793,703,341,956,724,662,727,732,36.24,84900.07,38.00,56.00,SilverMynSauvBlanc
2024-09-16 16:07:01,314,792,702,342,956,724,661,726,732,36.24,84315.52,38.00,56.00,SilverMynSauvBlanc
2024-09-16 16:07:01,314,792,702,342,954,724,660,727,731,36.24,84035.50,38.00,56.00,SilverMynSauvBlanc
2024-09-16 16:07:02,314,793,704,339,957,724,661,725,733,36.24,84144.68,38.00,56.00,SilverMynSauvBlanc
2024-09-16 16:07:02,313,792,703,342,956,723,662,727,732,36.24,84225.03,38.00,56.00,SilverMynSauvBlanc
2024-09-16 16:07:03,315,792,702,341,956,722,662,726,732,36.24,84257.70,38.00,56.00,SilverMynSauvBlanc
2024-09-16 16:07:03,312,794,701,340,955,723,661,727,731,36.24,84139.25,38.00,56.00,SilverMynSauvBlanc
2024-09-16 16:07:04,314,791,702,339,956,724,660,726,732,36.24,84364.77,38.00,56.00,SilverMynSauvBlanc
2024-09-16 16:07:04,312,794,701,341,957,723,663,726,731,36.24,84246.50,38.00,56.00,SilverMynSauvBlanc
2024-09-16 16:07:05,312,792,703,341,956,722,661,727,732,36.24,84324.96,38.00,56.00,SilverMynSauvBlanc
2024-09-16 16:07:05,312,792,701,341,955,722,661,727,733,36.24,84593.46,38.00,56.00,SilverMynSauvBlanc
2024-09-16 16:07:06,313,794,700,339,958,723,660,727,733,36.24,84424.71,38.00,56.00,SilverMynSauvBlanc
2024-09-16 16:07:07,314,791,702,341,955,722,662,726,732,36.24,84414.92,38.00,56.00,SilverMynSauvBlanc
2024-09-16 16:07:07,313,793,700,340,957,722,662,726,733,36.24,83981.01,38.00,56.00,SilverMynSauvBlanc
2024-09-16 16:07:08,313,792,701,341,956,722,661,726,732,36.25,83800.08,38.00,56.00,SilverMynSauvBlanc
2024-09-16 16:07:08,312,793,700,341,957,722,661,724,731,36.24,83264.27,38.00,56.00,SilverMynSauvBlanc
2024-09-16 16:07:09,311,794,700,339,957,722,662,723,732,36.25,83057.01,38.00,56.00,SilverMynSauvBlanc
2024-09-16 16:07:09,310,793,700,338,955,722,661,724,731,36.24,82995.72,38.00,56.00,SilverMynSauvBlanc
2024-09-16 16:07:10,312,793,701,339,954,723,660,722,732,36.24,83036.74,38.00,56.00,SilverMynSauvBlanc
2024-09-16 16:07:12,311,790,699,340,955,719,662,728,732,36.27,84698.02,38.00,56.00,SilverMynSauvBlanc
2024-09-16 16:07:12,308,791,699,340,956,717,662,727,733,36.27,84750.78,38.00,56.00,SilverMynSauvBlanc
2024-09-16 16:07:13,308,792,698,339,956,719,662,726,733,36.27,84732.99,38.00,56.00,SilverMynSauvBlanc
2024-09-16 16:07:13,307,792,698,337,955,717,660,728,732,36.26,84700.29,38.00,56.00,SilverMynSauvBlanc
2024-09-16 16:07:14,308,790,698,339,956,717,661,727,732,36.27,84877.48,38.00,56.00,SilverMynSauvBlanc
2024-09-16 16:07:14,306,792,695,340,955,717,660,726,733,36.27,84773.67,38.00,56.00,SilverMynSauvBlanc
2024-09-16 16:07:15,307,789,697,340,955,717,660,729,732,36.27,84971.67,38.00,56.00,SilverMynSauvBlanc
2024-09-16 16:07:15,307,790,695,341,956,719,660,726,732,36.26,84895.48,38.00,56.00,SilverMynSauvBlanc
2024-09-16 16:07:16,305,791,696,340,957,718,662,726,732,36.27,84763.74,38.00,56.00,SilverMynSauvBlanc
2024-09-16 16:07:16,306,790,696,340,957,717,661,729,733,36.27,84884.10,38.00,56.00,SilverMynSauvBlanc
2024-09-16 16:07:17,304,791,694,341,957,718,661,726,733,36.27,84806.70,38.00,56.00,SilverMynSauvBlanc
2024-09-16 16:07:17,304,791,695,340,957,718,659,727,733,36.27,84418.82,38.00,56.00,SilverMynSauvBlanc
2024-09-16 16:07:18,306,790,693,341,957,718,660,726,731,36.27,84097.41,38.00,56.00,SilverMynSauvBlanc
2024-09-16 16:07:19,304,791,693,342,955,719,659,727,733,36.26,83647.12,38.00,56.00,SilverMynSauvBlanc
2024-09-16 16:07:19,304,789,693,342,955,717,659,726,732,36.26,83160.74,38.00,56.00,SilverMynSauvBlanc
2024-09-16 16:07:20,304,791,695,339,955,716,660,726,732,36.26,83005.50,38.00,56.00,SilverMynSauvBlanc
2024-09-16 16:07:20,305,788,693,343,955,718,661,724,731,36.26,83000.61,38.00,56.00,SilverMynSauvBlanc
2024-09-16 16:07:21,305,790,692,341,955,717,659,724,732,36.26,82954.71,38.00,56.00,SilverMynSauvBlanc
2024-09-16 16:07:21,304,788,692,341,955,718,659,722,733,36.25,83012.49,38.00,56.00,SilverMynSauvBlanc
2024-09-16 16:07:22,303,788,692,342,955,716,659,724,732,36.26,84291.30,38.00,56.00,SilverMynSauvBlanc
2024-09-16 16:07:22,303,788,692,339,956,718,658,725,734,36.26,84553.33,38.00,56.00,SilverMynSauvBlanc
2024-09-16 16:07:23,303,789,691,340,957,716,659,725,732,36.26,84528.01,38.00,56.00,SilverMynSauvBlanc
2024-09-16 16:07:23,304,788,691,341,957,716,660,725,731,36.26,84025.42,38.00,56.00,SilverMynSauvBlanc
2024-09-16 16:07:24,302,788,691,341,955,716,659,725,732,36.26,84149.29,38.00,56.00,SilverMynSauvBlanc
2024-09-16 16:07:24,301,789,690,341,954,717,659,725,731,36.26,84140.02,38.00,56.00,SilverMynSauvBlanc
2024-09-16 16:07:25,303,788,691,341,956,717,658,725,733,36.26,84071.36,38.00,56.00,SilverMynSauvBlanc
2024-09-16 16:07:25,301,788,691,342,955,715,660,724,732,36.27,84442.09,38.00,56.00,SilverMynSauvBlanc
2024-09-16 16:07:26,302,787,691,342,956,715,660,726,732,36.27,84579.55,38.00,56.00,SilverMynSauvBlanc
2024-09-16 16:07:26,300,788,691,340,955,717,660,723,732,36.26,84262.64,38.00,56.00,SilverMynSauvBlanc
2024-09-16 16:07:27,301,788,690,340,957,715,660,725,732,36.27,84500.96,38.00,56.00,SilverMynSauvBlanc
2024-09-16 16:07:27,302,788,690,342,955,716,659,726,733,36.27,84561.22,38.00,56.00,SilverMynSauvBlanc
2024-09-16 16:07:28,300,787,692,341,956,717,659,724,732,36.27,84339.70,38.00,56.00,SilverMynSauvBlanc
2024-09-16 16:07:28,300,788,689,340,956,716,660,724,732,36.27,84108.09,38.00,56.00,SilverMynSauvBlanc
2024-09-16 16:07:29,302,785,690,342,954,715,660,725,731,36.27,84097.42,38.00,56.00,SilverMynSauvBlanc
2024-09-16 16:07:29,298,787,690,340,956,716,659,725,732,36.27,83883.64,38.00,56.00,SilverMynSauvBlanc
2024-09-16 16:07:30,298,787,689,341,956,716,660,722,733,36.27,83623.53,38.00,56.00,SilverMynSauvBlanc
2024-09-16 16:07:30,298,786,688,342,956,715,660,723,732,36.27,83536.92,38.00,56.00,SilverMynSauvBlanc
2024-09-16 16:07:31,299,785,687,343,957,715,660,723,731,36.26,83407.85,38.00,56.00,SilverMynSauvBlanc
2024-09-16 16:07:31,297,785,689,341,956,716,659,721,733,36.26,83085.30,38.00,56.00,SilverMynSauvBlanc
2024-09-16 16:07:32,297,785,687,340,957,713,657,718,733,36.29,83751.97,38.00,56.00,SilverMynSauvBlanc
2024-09-16 16:07:33,299,785,687,342,956,713,657,718,733,36.29,83758.78,38.00,56.00,SilverMynSauvBlanc
2024-09-16 16:07:34,297,786,689,341,957,713,657,718,734,36.29,83742.36,38.00,56.00,SilverMynSauvBlanc
2024-09-16 16:07:34,298,787,687,341,957,711,658,718,733,36.30,83767.72,38.00,56.00,SilverMynSauvBlanc
2024-09-16 16:07:35,299,785,686,343,957,713,658,717,733,36.29,83657.14,38.00,56.00,SilverMynSauvBlanc
2024-09-16 16:07:35,299,784,686,341,956,711,660,718,731,36.29,83416.64,38.00,56.00,SilverMynSauvBlanc
2024-09-16 16:07:36,296,786,688,339,956,712,658,717,733,36.29,83342.77,38.00,56.00,SilverMynSauvBlanc
2024-09-16 16:07:36,296,786,686,343,954,712,658,716,733,36.30,83423.99,38.00,56.00,SilverMynSauvBlanc
2024-09-16 16:07:37,297,786,687,340,958,710,659,717,732,36.29,83349.03,38.00,56.00,SilverMynSauvBlanc
2024-09-16 16:07:37,297,784,686,340,956,710,658,715,733,36.29,83334.57,38.00,56.00,SilverMynSauvBlanc
2024-09-16 16:07:38,299,784,686,342,956,710,657,716,733,36.30,83349.59,38.00,56.00,SilverMynSauvBlanc
2024-09-16 16:07:38,297,784,688,340,957,711,657,716,732,36.30,83509.39,38.00,56.00,SilverMynSauvBlanc
2024-09-16 16:07:39,298,784,685,341,957,712,657,715,733,36.30,83652.96,38.00,56.00,SilverMynSauvBlanc
2024-09-16 16:07:39,298,783,686,343,955,712,659,717,733,36.30,83586.24,38.00,56.00,SilverMynSauvBlanc
2024-09-16 16:07:40,298,785,688,340,955,711,659,715,731,36.30,83352.72,38.00,56.00,SilverMynSauvBlanc
2024-09-16 16:07:40,296,785,686,341,958,710,659,715,731,36.30,83136.70,38.00,56.00,SilverMynSauvBlanc
2024-09-16 16:07:41,295,784,686,342,957,711,657,713,733,36.30,83076.28,38.00,56.00,SilverMynSauvBlanc
2024-09-16 16:07:41,297,782,685,342,956,710,658,714,731,36.30,83394.63,38.00,56.00,SilverMynSauvBlanc
2024-09-16 16:07:42,297,783,685,342,958,711,659,712,732,36.30,83728.58,38.00,56.00,SilverMynSauvBlanc
2024-09-16 16:07:42,298,784,685,340,956,711,659,712,732,36.30,83754.97,38.00,56.00,SilverMynSauvBlanc
2024-09-16 16:07:43,296,784,685,342,955,712,658,713,733,36.30,84178.41,38.00,56.00,SilverMynSauvBlanc
2024-09-16 16:07:43,298,784,685,341,957,709,660,713,733,36.30,83853.49,38.00,56.00,SilverMynSauvBlanc
2024-09-16 16:07:44,295,784,685,341,957,711,660,715,732,36.31,83740.64,38.00,56.00,SilverMynSauvBlanc
2024-09-16 16:07:44,296,784,684,340,955,709,659,716,731,36.31,84235.53,38.00,56.00,SilverMynSauvBlanc
2024-09-16 16:07:45,298,783,684,340,956,710,659,715,733,36.31,84045.99,38.00,56.00,SilverMynSauvBlanc
2024-09-16 16:07:45,296,784,685,341,956,709,660,715,732,36.31,83704.16,38.00,56.00,SilverMynSauvBlanc
2024-09-16 16:07:46,297,785,684,342,958,711,658,715,731,36.31,84205.67,38.00,56.00,SilverMynSauvBlanc
2024-09-16 16:07:46,296,784,685,340,957,710,661,714,732,36.32,84350.35,38.00,57.00,SilverMynSauvBlanc
2024-09-16 16:07:47,298,781,686,342,9557,710,659,715,732,36.31,84638.27,38.00,57.00,SilverMynSauvBlanc
2024-09-16 16:07:48,297,765,678,336,956,709,659,716,731,36.32,84146.49,38.00,57.00,SilverMynSauvBlanc
2024-09-16 16:07:48,298,766,677,335,958,711,659,714,732,36.32,83830.11,38.00,57.00,SilverMynSauvBlanc
2024-09-16 16:07:49,298,766,679,334,957,709,661,715,731,36.31,84208.47,38.00,57.00,SilverMynSauvBlanc
2024-09-16 16:07:49,296,766,679,336,955,710,661,714,731,36.31,84608.54,38.00,57.00,SilverMynSauvBlanc
2024-09-16 16:07:50,297,765,677,334,957,709,661,716,731,36.31,84818.79,38.00,57.00,SilverMynSauvBlanc
2024-09-16 16:07:50,298,766,677,334,957,709,662,715,731,36.33,84886.63,38.00,57.00,SilverMynSauvBlanc
2024-09-16 16:07:51,296,768,678,334,957,708,660,717,731,36.33,84810.44,38.00,57.00,SilverMynSauvBlanc
2024-09-16 16:07:51,296,765,678,337,956,710,661,714,731,36.33,84712.96,38.00,57.00,SilverMynSauvBlanc
2024-09-16 16:07:52,297,766,677,334,956,709,661,715,731,36.32,84565.61,38.00,57.00,SilverMynSauvBlanc
2024-09-16 16:07:52,296,766,678,334,958,710,660,717,730,36.31,84308.76,38.00,57.00,SilverMynSauvBlanc
2024-09-16 16:07:53,297,767,677,334,955,708,660,716,732,36.32,84480.52,38.00,57.00,SilverMynSauvBlanc
2024-09-16 16:07:53,296,765,678,334,958,710,660,716,731,36.33,84443.69,38.00,57.00,SilverMynSauvBlanc
2024-09-16 16:07:54,295,766,678,334,958,709,661,717,730,36.32,84530.32,38.00,57.00,SilverMynSauvBlanc
2024-09-16 16:07:54,294,765,677,335,956,709,660,715,730,36.32,84561.43,38.00,57.00,SilverMynSauvBlanc
2024-09-16 16:07:55,294,766,676,335,958,709,662,714,731,36.35,84106.40,38.00,"57.00",SilverMynSauvBlanc
2024-09-16 16:07:56,294,767,675,335,958,707,659,712,731,36.36,83826.19,38.00,57.00,SilverMynSauvBlanc
2024-09-16 16:07:56,293,766,676,336,957,706,660,714,730,36.36,83697.78,38.00,57.00,SilverMynSauvBlanc
2024-09-16 16:07:57,294,766,675,336,955,707,658,713,731,36.36,83449.05,38.00,57.00,SilverMynSauvBlanc
2024-09-16 16:07:57,294,765,676,336,957,707,659,712,732,36.35,83339.72,38.00,57.00,SilverMynSauvBlanc
2024-09-16 16:07:58,293,766,674,336,955,709,658,712,731,36.34,83099.57,38.00,57.00,SilverMynSauvBlanc
2024-09-16 16:07:58,295,764,675,337,955,707,660,710,731,36.35,82875.35,38.00,57.00,SilverMynSauvBlanc
2024-09-16 16:07:59,293,764,674,335,955,706,660,710,731,36.35,82865.38,38.00,57.00,SilverMynSauvBlanc
2024-09-16 16:07:59,294,766,676,335,958,706,658,710,732,36.35,83125.60,38.00,57.00,SilverMynSauvBlanc
2024-09-16 16:08:00,295,764,676,336,957,706,659,709,732,36.35,83240.32,38.00,57.00,SilverMynSauvBlanc
2024-09-16 16:08:00,295,765,675,335,956,707,658,707,732,36.35,83400.52,38.00,57.00,SilverMynSauvBlanc
2024-09-16 16:08:01,297,763,675,336,955,708,657,709,730,36.35,83465.14,38.00,57.00,SilverMynSauvBlanc
2024-09-16 16:08:02,294,765,677,336,956,706,658,708,732,36.35,83502.33,38.00,57.00,SilverMynSauvBlanc
2024-09-16 16:08:02,297,765,676,334,956,708,657,709,732,36.35,83330.47,38.00,57.00,SilverMynSauvBlanc
2024-09-16 16:08:03,294,765,677,335,956,706,659,709,732,36.35,83160.35,38.00,57.00,SilverMynSauvBlanc
2024-09-16 16:08:03,297,764,676,336,955,706,658,707,732,36.35,83359.98,38.00,57.00,SilverMynSauvBlanc
2024-09-16 16:08:04,298,764,678,334,957,707,659,707,731,36.36,83068.66,38.00,57.00,SilverMynSauvBlanc
2024-09-16 16:08:04,296,764,677,335,957,708,659,706,730,36.36,83212.06,38.00,57.00,SilverMynSauvBlanc
2024-09-16 16:08:05,298,764,678,334,957,705,659,707,731,36.36,83086.85,38.00,57.00,SilverMynSauvBlanc
2024-09-16 16:08:05,295,764,676,335,956,707,657,707,732,36.36,83027.10,38.00,57.00,SilverMynSauvBlanc
2024-09-16 16:08:06,297,764,676,336,955,706,659,707,730,36.36,83653.80,38.00,57.00,SilverMynSauvBlanc
2024-09-16 16:08:06,297,765,678,335,956,707,658,708,732,36.36,84174.92,38.00,57.00,SilverMynSauvBlanc
2024-09-16 16:08:07,296,764,677,334,956,706,659,708,731,36.36,84441.87,38.00,57.00,SilverMynSauvBlanc
2024-09-16 16:08:07,296,764,677,335,956,707,658,710,730,36.37,84368.35,38.00,57.00,SilverMynSauvBlanc
2024-09-16 16:08:08,298,766,676,334,958,705,658,708,731,36.37,83993.75,38.00,57.00,SilverMynSauvBlanc
2024-09-16 16:08:08,296,765,676,335,956,708,658,709,733,36.36,83956.18,38.00,57.00,SilverMynSauvBlanc
2024-09-16 16:08:09,298,763,678,334,957,706,660,708,731,36.37,83794.08,38.00,57.00,SilverMynSauvBlanc
2024-09-16 16:08:09,297,765,676,334,958,707,660,709,732,36.37,83805.79,38.00,57.00,SilverMynSauvBlanc
2024-09-16 16:08:10,298,766,679,334,956,705,660,710,730,36.37,84697.56,38.00,57.00,SilverMynSauvBlanc
2024-09-16 16:08:10,298,764,677,335,957,707,658,709,732,36.37,84612.83,38.00,57.00,SilverMynSauvBlanc
2024-09-16 16:08:11,297,766,676,335,955,706,661,710,730,36.37,84408.92,38.00,57.00,SilverMynSauvBlanc
2024-09-16 16:08:11,297,765,679,332,958,707,659,710,731,36.38,84357.21,38.00,57.00,SilverMynSauvBlanc
2024-09-16 16:08:12,299,763,676,334,958,707,659,710,732,36.37,84493.11,38.00,57.00,SilverMynSauvBlanc
2024-09-16 16:08:12,298,765,677,334,957,705,661,710,731,36.37,84837.00,38.00,57.00,SilverMynSauvBlanc
2024-09-16 16:08:13,296,764,677,336,958,705,660,712,730,36.38,84923.72,38.00,57.00,SilverMynSauvBlanc
2024-09-16 16:08:13,296,764,676,335,959,705,659,712,730,36.37,84723.60,38.00,57.00,SilverMynSauvBlanc
2024-09-16 16:08:14,296,764,677,334,957,705,661,710,730,36.38,84537.53,38.00,57.00,SilverMynSauvBlanc
2024-09-16 16:08:14,297,764,678,334,956,707,659,711,732,36.38,84387.78,38.00,57.00,SilverMynSauvBlanc
2024-09-16 16:08:15,298,764,676,333,956,706,661,711,730,36.37,84366.97,38.00,57.00,SilverMynSauvBlanc
2024-09-16 16:08:15,296,765,676,334,956,707,661,709,731,36.38,84219.00,38.00,57.00,SilverMynSauvBlanc
2024-09-16 16:08:17,297,763,678,334,956,706,659,704,733,36.40,83768.12,38.00,57.00,SilverMynSauvBlanc
2024-09-16 16:08:18,297,764,676,336,959,705,658,705,731,36.40,83715.37,38.00,57.00,SilverMynSauvBlanc
2024-09-16 16:08:18,296,763,678,335,956,706,657,705,732,36.40,83368.63,38.00,57.00,SilverMynSauvBlanc
2024-09-16 16:08:19,297,763,677,335,956,705,658,704,731,36.39,83119.88,38.00,57.00,SilverMynSauvBlanc
2024-09-16 16:08:19,298,765,677,335,956,706,658,704,731,36.39,82976.82,38.00,57.00,SilverMynSauvBlanc
2024-09-16 16:08:20,299,765,676,334,956,706,659,703,732,36.40,83605.30,38.00,57.00,SilverMynSauvBlanc
2024-09-16 16:08:20,298,765,677,333,956,705,657,705,732,36.40,83871.36,38.00,57.00,SilverMynSauvBlanc
2024-09-16 16:08:21,297,763,675,334,957_A1,704,659,706,731,36.41,83940.39,38.00,57.00,SilverMynSauvBlanc
2024-09-16 16:08:21,308,756,685,330,957,705,658,706,731,36.41,83881.69,38.00,57.00,SilverMynSauvBlanc
2024-09-16 16:08:22,309,756,685,334,956,706,657,706,732,36.40,83866.64,38.00,57.00,SilverMynSauvBlanc
2024-09-16 16:08:22,308,758,687,331,957,705,659,707,731,36.40,83857.57,38.00,57.00,SilverMynSauvBlanc
2024-09-16 16:08:23,309,758,686,331,958,706,659,706,731,36.41,83651.10,38.00,57.00,SilverMynSauvBlanc
2024-09-16 16:08:23,310,756,686,332,958,703,659,706,731,36.41,83810.08,38.00,57.00,SilverMynSauvBlanc
2024-09-16 16:08:24,309,759,686,330,956,703,659,708,730,36.41,84110.39,38.00,57.00,SilverMynSauvBlanc
2024-09-16 16:08:24,310,758,687,332,955,706,660,706,731,36.41,84034.91,38.00,57.00,SilverMynSauvBlanc
2024-09-16 16:08:25,311,758,688,330,958,704,659,707,730,36.40,84069.14,38.00,57.00,SilverMynSauvBlanc
2024-09-16 16:08:25,313,756,688,330,957,703,659,708,730,36.40,84006.42,38.00,57.00,SilverMynSauvBlanc
2024-09-16 16:08:26,311,758,688,330,957,704,660,708,732,36.41,84026.72,38.00,57.00,SilverMynSauvBlanc
2024-09-16 16:08:26,313,757,686,331,957,706,659,706,731,36.41,84196.89,38.00,57.00,SilverMynSauvBlanc
2024-09-16 16:08:27,312,759,689,330,957,705,658,708,731,36.42,84224.52,38.00,57.00,SilverMynSauvBlanc
2024-09-16 16:08:27,313,759,686,331,956,704,659,708,731,36.41,84414.96,38.00,57.00,SilverMynSauvBlanc
2024-09-16 16:08:28,314,759,687,331,956,704,660,708,730,36.42,83705.27,38.00,57.00,SilverMynSauvBlanc
2024-09-16 16:08:28,313,757,688,332,958,704,660,707,730,36.42,83197.44,38.00,57.00,SilverMynSauvBlanc
2024-09-16 16:08:29,314,759,689,329,958,705,660,704,731,36.41,83155.17,38.00,57.00,SilverMynSauvBlanc
2024-09-16 16:08:29,316,757,689,332,955,703,659,706,731,36.41,83248.99,38.00,57.00,SilverMynSauvBlanc
2024-09-16 16:08:30,314,760,688,329,958,705,660,703,731,36.41,83845.53,38.00,57.00,SilverMynSauvBlanc
2024-09-16 16:08:30,317,757,689,331,955,704,658,704,730,36.41,84055.19,38.00,57.00,SilverMynSauvBlanc
2024-09-16 16:08:31,315,758,688,330,957,705,658,706,730,36.41,84263.82,38.00,57.00,SilverMynSauvBlanc
2024-09-16 16:08:32,316,759,690,329,957,704,658,706,733,36.42,84737.22,38.00,57.00,SilverMynSauvBlanc
2024-09-16 16:08:32,316,759,688,331,956,703,659,707,732,36.42,84776.58,38.00,57.00,SilverMynSauvBlanc
2024-09-16 16:08:33,317,759,688,330,956,705,660,707,732,36.42,84795.28,38.00,57.00,SilverMynSauvBlanc
2024-09-16 16:08:33,316,758,690,329,956,706,659,708,732,36.42,84715.58,38.00,57.00,SilverMynSauvBlanc
2024-09-16 16:08:34,317,758,690,329,957,705,661,710,730,36.42,85012.88,38.00,57.00,SilverMynSauvBlanc
2024-09-16 16:08:34,317,759,691,329,958,703,661,709,732,36.42,85145.88,38.00,57.00,SilverMynSauvBlanc
2024-09-16 16:08:35,318,757,689,332,955,704,662,711,731,36.42,85270.15,38.00,57.00,SilverMynSauvBlanc
2024-09-16 16:08:35,318,757,689,330,957,703,660,710,732,36.43,85276.11,38.00,57.00,SilverMynSauvBlanc
2024-09-16 16:08:36,318,759,689,330,955,705,660,710,732,36.43,85257.41,38.00,57.00,SilverMynSauvBlanc
2024-09-16 16:08:36,317,759,691,332,957,705,662,712,731,36.43,85240.28,38.00,57.00,SilverMynSauvBlanc
2024-09-16 16:08:37,317,760,688,329,957,704,660,712,730,36.42,85326.26,38.00,57.00,SilverMynSauvBlanc
2024-09-16 16:08:37,319,757,690,332,955,703,660,712,730,36.43,85146.25,38.00,57.00,SilverMynSauvBlanc
2024-09-16 16:08:38,317,758,688,331,955,704,662,711,730,36.43,85301.81,38.00,57.00,SilverMynSauvBlanc
2024-09-16 16:08:38,318,759,690,330,957,706,660,712,729,36.43,85285.24,38.00,57.00,SilverMynSauvBlanc
2024-09-16 16:08:39,319,759,688,329,957,704,660,714,732,36.43,85308.47,38.00,714,SilverMynSauvBlanc
2024-09-16 16:08:40,318,760,688,331,955,703,656,714,733,36.40,83966.41,38.00,56.00,SilverMynSauvBlanc
2024-09-16 16:08:40,318,760,688,330,957,704,654,716,733,36.40,83880.11,38.00,56.00,SilverMynSauvBlanc
2024-09-16 16:08:41,318,759,688,329,956,704,654,716,732,36.40,83817.05,38.00,56.00,SilverMynSauvBlanc
2024-09-16 16:08:41,318,759,688,330,956,704,655,714,734,36.40,83673.63,38.00,56.00,SilverMynSauvBlanc
2024-09-16 16:08:42,319,758,689,330,956,703,655,715,732,36.40,83621.02,38.00,56.00,SilverMynSauvBlanc
2024-09-16 16:08:43,317,759,689,330,957,704,656,714,732,36.40,83580.67,38.00,56.00,SilverMynSauvBlanc
2024-09-16 16:08:43,316,760,687,330,956,703,656,712,734,36.40,83424.35,38.00,56.00,SilverMynSauvBlanc
2024-09-16 16:08:44,316,759,689,330,955,703,654,714,734,36.40,83387.14,38.00,56.00,SilverMynSauvBlanc
2024-09-16 16:08:44,317,759,686,330,956,703,655,713,733,36.40,83236.05,38.00,56.00,SilverMynSauvBlanc
2024-09-16 16:08:45,318,760,687,329,956,704,655,711,734,36.40,82996.58,38.00,56.00,SilverMynSauvBlanc
2024-09-16 16:08:45,317,759,687,333,956,702,656,712,732,36.40,82846.05,38.00,56.00,SilverMynSauvBlanc
2024-09-16 16:08:46,316,758,686,332,959,702,656,709,733,36.40,82976.85,38.00,56.00,SilverMynSauvBlanc
2024-09-16 16:08:46,317,761,686,330,956,702,654,711,733,36.40,83773.53,38.00,56.00,SilverMynSauvBlanc
2024-09-16 16:08:47,316,758,686,329,958,703,656,709,733,36.40,84315.85,38.00,56.00,SilverMynSauvBlanc
2024-09-16 16:08:47,317,758,688,332,955,701,655,713,732,36.40,84302.41,38.00,56.00,SilverMynSauvBlanc
2024-09-16 16:08:48,316,759,687,331,957,701,656,713,732,36.41,84377.05,38.00,56.00,SilverMynSauvBlanc
2024-09-16 16:08:48,316,761,687,330,956,701,656,713,732,36.41,84470.00,38.00,56.00,SilverMynSauvBlanc
2024-09-16 16:08:49,318,760,687,330,956,702,655,712,733,36.41,84201.96,38.00,56.00,SilverMynSauvBlanc
2024-09-16 16:08:49,316,759,688,331,958,703,657,712,732,36.41,84572.22,38.00,56.00,SilverMynSauvBlanc
2024-09-16 16:08:50,319,758,688,331,955,701,656,714,732,36.42,84692.14,38.00,56.00,SilverMynSauvBlanc
2024-09-16 16:08:50,318,760,687,330,955,702,657,713,732,36.42,84785.46,38.00,56.00,SilverMynSauvBlanc
2024-09-16 16:08:51,317,761,688,328,957,701,656,715,732,36.42,84799.27,38.00,56.00,SilverMynSauvBlanc
2024-09-16 16:08:51,317,759,688,332,956,700,657,716,731,36.42,85010.24,38.00,56.00,SilverMynSauvBlanc
2024-09-16 16:08:52,317,758,688,328,956,701,657,716,732,36.42,84938.38,38.00,56.00,SilverMynSauvBlanc
2024-09-16 16:08:52,316,761,687,331,955,702,657,715,732,36.42,84964.44,38.00,56.00,SilverMynSauvBlanc
2024-09-16 16:08:53,319,760,687,332,956,701,657,716,731,36.42,84932.64,38.00,56.00,SilverMynSauvBlanc
2024-09-16 16:08:54,316,761,688,329,956,701,656,716,733,36.42,85021.91,38.00,56.00,SilverMynSauvBlanc
2024-09-16 16:08:54,318,760,687,330,957,702,657,715,733,36.41,84992.38,38.00,56.00,SilverMynSauvBlanc
2024-09-16 16:08:55,323,763,690,328,957,701,657,715,732,36.42,84934.36,38.00,56.00,SilverMynSauvBlanc
2024-09-16 16:08:56,323,761,692,329,955,702,657,716,731,36.42,84890.32,38.00,56.00,SilverMynSauvBlanc
2024-09-16 16:08:56,323,761,692,328,957,703,657,716,732,36.42,84806.25,38.00,57.00,SilverMynSauvBlanc
2024-09-16 16:08:57,324,761,692,329,956,700,657,717,732,36.42,84801.19,38.00,57.00,SilverMynSauvBlanc
2024-09-16 16:08:57,322,762,692,329,956,701,658,715,733,36.42,84796.85,38.00,57.00,SilverMynSauvBlanc
2024-09-16 16:08:58,322,762,691,330,957,701,659,715,732,36.42,84639.55,38.00,57.00,SilverMynSauvBlanc
2024-09-16 16:08:58,324,762,691,328,957,701,658,716,733,36.42,84618.77,38.00,57.00,SilverMynSauvBlanc
2024-09-16 16:08:59,325,762,691,331,956,702,657,717,731,36.42,84624.00,38.00,57.00,SilverMynSauvBlanc
2024-09-16 16:08:59,325,761,691,330,955,701,659,715,731,36.41,84723.74,38.00,57.00,SilverMynSauvBlanc
2024-09-16 16:09:00,326,762,691,331,956,702,658,716,731,36.42,84714.00,38.00,56.00,SilverMynSauvBlanc
2024-09-16 16:09:00,323,761,692,330,958,700,658,716,732,36.42,84603.74,38.00,56.00,SilverMynSauvBlanc
2024-09-16 16:09:01,323,763,693,328,957,702,656,717,731,36.42,84276.60,38.00,56.00,SilverMynSauvBlanc
2024-09-16 16:09:01,324,762,691,330,955,700,656,715,732,36.42,83678.53,38.00,56.00,SilverMynSauvBlanc
2024-09-16 16:09:03,323,764,691,328,957,698,656,705,731,36.43,82851.14,38.00,57.00,SilverMynSauvBlanc
2024-09-16 16:09:04,324,763,692,329,956,698,658,705,731,36.45,83728.74,38.00,57.00,SilverMynSauvBlanc
2024-09-16 16:09:04,323,763,693,330,956,699,657,704,730,36.44,83714.07,38.00,57.00,SilverMynSauvBlanc
2024-09-16 16:09:05,324,763,691,329,957,696,657,706,730,36.45,83837.05,38.00,57.00,SilverMynSauvBlanc
2024-09-16 16:09:05,326,762,694,328,957,698,656,707,730,36.45,83549.14,38.00,57.00,SilverMynSauvBlanc
2024-09-16 16:09:06,323,762,693,329,955,697,657,706,731,36.45,83835.68,38.00,57.00,SilverMynSauvBlanc
2024-09-16 16:09:06,325,762,691,328,957,698,657,706,733,36.46,84226.92,38.00,57.00,SilverMynSauvBlanc
2024-09-16 16:09:07,325,761,693,330,956,698,657,707,732,36.46,84339.99,38.00,57.00,SilverMynSauvBlanc
2024-09-16 16:09:08,325,762,692,328,957,697,658,708,731,36.45,84404.80,38.00,57.00,SilverMynSauvBlanc
2024-09-16 16:09:08,324,762,692,331,955,698,659,707,730,36.46,84715.53,38.00,57.00,SilverMynSauvBlanc
2024-09-16 16:09:09,324,764,691,329,957,698,657,709,732,36.46,84843.30,38.00,57.00,SilverMynSauvBlanc
2024-09-16 16:09:09,323,762,692,330,956,698,659,709,731,36.46,84975.80,38.00,57.00,SilverMynSauvBlanc
2024-09-16 16:09:10,325,763,691,331,957,699,659,710,730,36.47,84888.43,38.00,57.00,SilverMynSauvBlanc
2024-09-16 16:09:10,325,763,690,329,957,698,658,710,730,36.46,84665.39,38.00,57.00,SilverMynSauvBlanc
2024-09-16 16:09:11,326,761,693,328,957,698,657,709,732,36.46,84722.21,38.00,57.00,SilverMynSauvBlanc
2024-09-16 16:09:11,325,761,693,328,957,699,657,711,730,36.46,84668.01,38.00,57.00,SilverMynSauvBlanc
2024-09-16 16:09:12,324,761,691,330,956,697,659,708,732,36.46,84498.49,38.00,57.00,SilverMynSauvBlanc
2024-09-16 16:09:12,326,761,692,330,954,699,658,709,732,36.46,84366.55,38.00,57.00,SilverMynSauvBlanc
2024-09-16 16:09:13,326,761,692,330,957,697,657,710,730,36.46,84402.89,38.00,57.00,SilverMynSauvBlanc
2024-09-16 16:09:13,323,761,692,328,957,699,658,710,730,36.45,83936.49,38.00,57.00,SilverMynSauvBlanc
2024-09-16 16:09:14,325,762,690,330,956,698,658,708,730,36.45,83654.69,38.00,57.00,SilverMynSauvBlanc
2024-09-16 16:09:14,324,762,691,328,956,698,658,707,731,36.46,83299.37,38.00,57.00,SilverMynSauvBlanc
2024-09-16 16:09:15,324,762,690,330,956,697,658,707,730,36.45,82971.64,38.00,57.00,SilverMynSauvBlanc
2024-09-16 16:09:15,324,761,690,331,956,698,658,705,730,36.45,82923.44,38.00,57.00,SilverMynSauvBlanc
2024-09-16 16:09:16,323,761,691,331,954,698,659,705,732,36.45,82961.34,38.00,57.00,SilverMynSauvBlanc
2024-09-16 16:09:16,321,761,689,328,955,697,659,704,731,36.45,83705.16,38.00,57.00,SilverMynSauvBlanc
2024-09-16 16:09:17,324,762,689,329,957,699,657,705,731,36.45,83604.17,38.00,57.00,SilverMynSauvBlanc
2024-09-16 16:09:17,322,763,688,330,957,697,657,707,730,36.45,83865.56,38.00,57.00,SilverMynSauvBlanc
2024-09-16 16:09:18,324,763,690,329,956,697,657,705,732,36.46,83906.11,38.00,57.00,SilverMynSauvBlanc
2024-09-16 16:09:19,321,760,690,331,955,698,657,707,731,36.45,84223.77,38.00,57.00,SilverMynSauvBlanc
2024-09-16 16:09:19,321,761,690,330,955,697,657,709,731,36.45,83972.33,38.00,57.00,SilverMynSauvBlanc
2024-09-16 16:09:20,321,761,688,330,958,697,657,709,731,36.45,84015.49,38.00,57.00,SilverMynSauvBlanc
2024-09-16 16:09:20,322,760,688,331,955,697,659,707,732,36.46,83993.82,38.00,57.00,SilverMynSauvBlanc
2024-09-16 16:09:21,321,761,688,329,956,697,657,708,731,36.46,83865.92,38.00,57.00,SilverMynSauvBlanc
2024-09-16 16:09:21,321,762,689,330,955,698,659,707,731,36.46,83821.01,38.00,57.00,SilverMynSauvBlanc
2024-09-16 16:09:22,321,760,688,331,957,696,657,707,731,36.45,83937.22,38.00,57.00,SilverMynSauvBlanc
2024-09-16 16:09:22,321,762,688,329,957,698,658,707,732,36.46,84059.86,38.00,57.00,SilverMynSauvBlanc
2024-09-16 16:09:23,320,762,687,331,955,697,657,707,731,36.46,83912.23,38.00,57.00,SilverMynSauvBlanc
2024-09-16 16:09:23,319,762,687,332,955,699,658,707,730,36.46,83742.94,38.00,57.00,SilverMynSauvBlanc
2024-09-16 16:09:24,318,762,687,330,956,696,658,702,731,36.50,84028.01,38.00,58.00,SilverMynSauvBlanc
2024-09-16 16:09:25,318,761,686,332,957,696,660,702,729,36.49,83979.60,38.00,58.00,SilverMynSauvBlanc
2024-09-16 16:09:25,318,761,687,329,957,697,659,703,730,36.50,83903.96,38.00,58.00,SilverMynSauvBlanc
2024-09-16 16:09:26,316,761,687,331,956,696,659,702,731,36.50,83752.99,38.00,58.00,SilverMynSauvBlanc
2024-09-16 16:09:26,319,762,686,330,957,697,659,704,729,36.50,83886.82,38.00,58.00,SilverMynSauvBlanc
2024-09-16 16:09:27,317,762,684,330,958,697,660,703,730,36.50,83905.69,38.00,58.00,SilverMynSauvBlanc
2024-09-16 16:09:27,317,759,686,332,956,698,658,702,731,36.50,83996.72,38.00,58.00,SilverMynSauvBlanc
2024-09-16 16:09:28,318,761,686,331,956,696,659,704,729,36.50,84302.36,38.00,58.00,SilverMynSauvBlanc
2024-09-16 16:09:28,315,760,685,332,957,697,661,702,731,36.50,84154.51,38.00,58.00,SilverMynSauvBlanc
2024-09-16 16:09:29,307,748,675,328,956,698,659,703,731,36.50,84284.21,38.00,58.00,SilverMynSauvBlanc
2024-09-16 16:09:29,309,748,674,327,956,697,661,704,729,36.51,84225.49,38.00,58.00,SilverMynSauvBlanc
2024-09-16 16:09:30,306,748,674,327,957,697,658,703,731,36.51,84224.79,38.00,58.00,SilverMynSauvBlanc
2024-09-16 16:09:30,308,748,674,327,956,697,660,703,729,36.50,84184.93,38.00,58.00,SilverMynSauvBlanc
2024-09-16 16:09:31,306,748,677,326,957,699,658,703,732,36.50,83783.57,38.00,58.00,SilverMynSauvBlanc
2024-09-16 16:09:32,307,747,675,327,958,697,660,704,729,36.51,84230.57,38.00,58.00,SilverMynSauvBlanc
2024-09-16 16:09:32,307,749,675,327,956,699,659,703,731,36.51,84309.03,38.00,58.00,SilverMynSauvBlanc
2024-09-16 16:09:33,308,749,675,325,958,699,659,703,731,36.51,84420.38,38.00,58.00,SilverMynSauvBlanc
2024-09-16 16:09:33,308,749,675,326,958,697,660,705,729,36.51,84477.19,38.00,58.00,SilverMynSauvBlanc
2024-09-16 16:09:34,310,749,675,327,957,698,659,705,731,36.51,84407.11,38.00,58.00,SilverMynSauvBlanc
2024-09-16 16:09:34,308,749,675,327,956,698,661,705,729,36.52,84422.82,38.00,58.00,SilverMynSauvBlanc
2024-09-16 16:09:35,308,748,675,325,956,698,659,704,730,36.52,84417.25,38.00,58.00,SilverMynSauvBlanc
2024-09-16 16:09:35,309,749,676,327,957,698,661,704,730,36.52,84269.74,38.00,58.00,SilverMynSauvBlanc
2024-09-16 16:09:36,310,747,676,325,958,699,660,705,729,36.51,84283.71,38.00,58.00,SilverMynSauvBlanc
2024-09-16 16:09:36,310,750,677,326,956,698,660,705,731,36.51,84286.51,38.00,58.00,SilverMynSauvBlanc
2024-09-16 16:09:37,309,747,677,327,957,698,660,705,732,36.51,84365.67,38.00,58.00,SilverMynSauvBlanc
2024-09-16 16:09:37,308,749,677,327,956,698,659,705,729,36.52,84245.97,38.00,58.00,SilverMynSauvBlanc
2024-09-16 16:09:38,310,747,677,326,956,697,660,704,731,36.51,84219.57,38.00,58.00,SilverMynSauvBlanc
2024-09-16 16:09:38,310,747,677,326,958,699,660,705,731,36.51,84303.82,38.00,58.00,SilverMynSauvBlanc
2024-09-16 16:09:39,310,750,675,325,957,697,661,705,731,36.51,84267.64,38.00,58.00,SilverMynSauvBlanc
2024-09-16 16:09:39,308,749,675,327,956,699,660,707,731,36.52,84324.97,38.00,58.00,SilverMynSauvBlanc
2024-09-16 16:09:40,309,747,676,328,956,698,659,705,731,36.52,84320.41,38.00,58.00,SilverMynSauvBlanc
2024-09-16 16:09:40,309,748,678,325,958,700,660,705,731,36.51,84272.36,38.00,58.00,SilverMynSauvBlanc
2024-09-16 16:09:41,308,750,676,326,958,698,661,705,730,36.52,84234.08,38.00,58.00,SilverMynSauvBlanc
2024-09-16 16:09:41,310,748,675,326,956,698,659,707,731,36.51,84228.33,38.00,58.00,SilverMynSauvBlanc
2024-09-16 16:09:42,307,747,675,328,957,697,659,705,731,36.51,84259.94,38.00,58.00,SilverMynSauvBlanc
2024-09-16 16:09:42,311,748,677,325,957,698,660,705,732,36.52,84320.76,38.00,58.00,SilverMynSauvBlanc
2024-09-16 16:09:43,310,747,676,328,956,698,659,706,731,36.51,83986.10,38.00,58.00,SilverMynSauvBlanc
2024-09-16 16:09:44,309,748,676,325,958,698,659,706,730,36.52,83786.91,38.00,58.00,SilverMynSauvBlanc
2024-09-16 16:09:44,307,747,676,327,957,699,658,706,730,36.51,83890.36,38.00,58.00,SilverMynSauvBlanc
2024-09-16 16:09:45,309,749,674,325,956,698,658,705,731,36.51,83967.42,38.00,58.00,SilverMynSauvBlanc
2024-09-16 16:09:45,308,749,675,327,956,698,660,704,731,36.52,83403.92,38.00,58.00,SilverMynSauvBlanc
2024-09-16 16:09:46,309,749,674,326,957,699,658,705,730,36.51,83187.30,38.00,58.00,SilverMynSauvBlanc
2024-09-16 16:09:46,309,748,674,326,957,698,658,704,730,36.51,82979.58,38.00,58.00,SilverMynSauvBlanc
2024-09-16 16:09:47,306,747,674,328,959,699,658,703,732,36.51,83096.10,38.00,58.00,SilverMynSauvBlanc
2024-09-16 16:09:49,304,747,675,329,956,698,656,715,732,36.52,83316.41,38.00,56.00,SilverMynSauvBlanc
2024-09-16 16:09:49,306,746,672,329,957,697,655,716,733,36.52,83262.60,38.00,56.00,SilverMynSauvBlanc
2024-09-16 16:09:50,304,749,672,328,958,699,655,714,731,36.52,83149.72,38.00,56.00,SilverMynSauvBlanc
2024-09-16 16:09:50,305,747,672,327,956,699,656,713,732,36.51,83041.96,38.00,56.00,SilverMynSauvBlanc
2024-09-16 16:09:51,303,747,673,328,957,697,654,714,732,36.51,83058.72,38.00,56.00,SilverMynSauvBlanc
2024-09-16 16:09:51,303,748,671,328,958,697,654,714,733,36.52,83966.89,38.00,56.00,SilverMynSauvBlanc
2024-09-16 16:09:52,305,747,671,329,957,697,655,714,731,36.52,84092.38,38.00,56.00,SilverMynSauvBlanc
2024-09-16 16:09:52,305,746,671,330,955,698,655,714,732,36.52,84130.99,38.00,56.00,SilverMynSauvBlanc
2024-09-16 16:09:53,303,746,671,328,957,699,654,714,733,36.52,83996.63,38.00,56.00,SilverMynSauvBlanc
2024-09-16 16:09:54,302,747,672,328,957,698,656,713,731,36.52,83672.14,38.00,56.00,SilverMynSauvBlanc
2024-09-16 16:09:54,302,748,670,330,956,697,656,713,733,36.52,83558.53,38.00,56.00,SilverMynSauvBlanc
2024-09-16 16:09:55,303,746,672,328,957,696,655,712,733,36.52,83374.21,38.00,56.00,SilverMynSauvBlanc
2024-09-16 16:09:55,304,746,672,330,955,697,654,714,731,36.52,83586.49,38.00,56.00,SilverMynSauvBlanc
2024-09-16 16:09:56,305,746,670,329,958,697,655,713,732,36.52,83588.41,38.00,56.00,SilverMynSauvBlanc
2024-09-16 16:09:56,304,747,671,328,958,697,655,714,731,36.51,83986.47,38.00,56.00,SilverMynSauvBlanc
2024-09-16 16:09:57,303,747,673,327,955,697,655,713,731,36.52,84030.33,38.00,56.00,SilverMynSauvBlanc
2024-09-16 16:09:57,306,748,672,327,957,697,655,712,732,36.51,83960.60,38.00,56.00,SilverMynSauvBlanc
2024-09-16 16:09:58,306,748,674,329,956,697,656,712,732,36.52,83771.35,38.00,56.00,SilverMynSauvBlanc
2024-09-16 16:09:58,304,746,671,326,957,698,655,714,733,36.51,83804.91,38.00,56.00,SilverMynSauvBlanc
2024-09-16 16:09:59,305,746,674,327,958,698,654,712,732,36.51,83774.67,38.00,56.00,SilverMynSauvBlanc
2024-09-16 16:09:59,305,748,673,327,957,698,653,713,732,36.51,83768.21,38.00,56.00,SilverMynSauvBlanc
2024-09-16 16:10:00,306,747,673,327,957,698,655,712,732,36.51,83829.55,38.00,56.00,SilverMynSauvBlanc
2024-09-16 16:10:00,307,746,674,329,956,698,654,711,733,36.51,83680.68,38.00,56.00,SilverMynSauvBlanc
2024-09-16 16:10:01,305,748,673,329,956,697,655,712,731,36.52,83640.14,38.00,56.00,SilverMynSauvBlanc
2024-09-16 16:10:01,307,746,676,328,956,696,653,711,733,36.51,83788.84,38.00,56.00,SilverMynSauvBlanc
2024-09-16 16:10:02,304,748,675,327,956,696,653,712,732,36.52,83551.37,38.00,56.00,SilverMynSauvBlanc
2024-09-16 16:10:02,307,746,676,329,956,697,654,710,733,36.51,83546.67,38.00,56.00,SilverMynSauvBlanc
2024-09-16 16:10:03,330,755,692,326,955,695,655,709,732,36.52,83174.89,38.00,56.00,SilverMynSauvBlanc
2024-09-16 16:10:04,330,754,693,327,955,696,653,710,731,36.52,82899.22,38.00,56.00,SilverMynSauvBlanc
2024-09-16 16:10:04,331,756,692,326,958,697,654,708,732,36.52,82891.36,38.00,56.00,SilverMynSauvBlanc
2024-09-16 16:10:05,330,755,694,326,956,697,654,708,731,36.51,83794.24,38.00,56.00,SilverMynSauvBlanc
2024-09-16 16:10:05,332,755,693,325,957,696,654,708,731,36.51,84145.67,38.00,56.00,SilverMynSauvBlanc
2024-09-16 16:10:06,331,755,693,326,957,695,655,708,733,36.52,83975.81,38.00,56.00,SilverMynSauvBlanc
2024-09-16 16:10:06,333,754,694,325,957,696,654,709,732,36.52,83691.86,38.00,56.00,SilverMynSauvBlanc
2024-09-16 16:10:07,332,755,694,325,957,696,654,709,733,36.52,83671.61,38.00,56.00,SilverMynSauvBlanc
2024-09-16 16:10:08,330,755,694,327,956,696,654,708,733,36.52,83403.77,38.00,56.00,SilverMynSauvBlanc
2024-09-16 16:10:08,333,754,694,325,957,696,653,709,732,36.52,83288.10,38.00,56.00,SilverMynSauvBlanc
2024-09-16 16:10:09,335,755,694,325,956,696,654,707,733,36.52,83605.36,38.00,56.00,SilverMynSauvBlanc
2024-09-16 16:10:09,332,755,695,326,955,695,654,707,731,36.52,83752.16,692,658,SilverMynSauvBlanc
2024-09-16 16:10:10,335,755,695,326,957,692,658,700,730,36.56,83638.48,38.00,57.00,SilverMynSauvBlanc
2024-09-16 16:10:10,335,754,695,327,956,693,658,699,731,36.56,83632.71,38.00,57.00,SilverMynSauvBlanc
2024-09-16 16:10:11,335,754,696,325,956,692,656,701,731,36.56,83446.46,38.00,57.00,SilverMynSauvBlanc
2024-09-16 16:10:11,337,755,696,324,955,692,659,698,731,36.56,83559.69,38.00,57.00,SilverMynSauvBlanc
2024-09-16 16:10:12,336,757,697,324,955,693,657,699,731,36.55,83405.21,38.00,57.00,SilverMynSauvBlanc
2024-09-16 16:10:12,339,754,697,327,954,692,657,699,731,36.56,83581.86,38.00,57.00,SilverMynSauvBlanc
2024-09-16 16:10:13,338,757,697,324,957,692,657,700,731,36.56,83603.36,38.00,57.00,SilverMynSauvBlanc
2024-09-16 16:10:13,340,756,698,326,956,692,659,698,730,36.56,83524.91,38.00,57.00,SilverMynSauvBlanc
2024-09-16 16:10:14,341,756,701,324,956,693,658,699,729,36.55,83469.14,38.00,57.00,SilverMynSauvBlanc
2024-09-16 16:10:14,342,755,701,324,957,692,659,698,730,36.56,83687.25,38.00,57.00,SilverMynSauvBlanc
2024-09-16 16:10:15,343,756,699,324,956,693,658,699,731,36.56,83797.67,38.00,57.00,SilverMynSauvBlanc
2024-09-16 16:10:15,342,755,701,326,954,693,659,699,729,36.56,83839.97,38.00,57.00,SilverMynSauvBlanc
2024-09-16 16:10:16,342,756,702,324,957,694,657,699,731,36.56,83829.64,38.00,57.00,SilverMynSauvBlanc
2024-09-16 16:10:16,344,757,701,323,955,692,657,700,730,36.56,83891.52,38.00,57.00,SilverMynSauvBlanc
2024-09-16 16:10:17,343,757,702,324,955,693,657,700,729,36.56,83676.05,38.00,57.00,SilverMynSauvBlanc
2024-09-16 16:10:17,343,758,701,325,955,694,657,699,731,36.56,83748.22,38.00,57.00,SilverMynSauvBlanc
2024-09-16 16:10:18,345,758,701,325,955,693,657,699,730,36.57,83951.30,38.00,57.00,SilverMynSauvBlanc
2024-09-16 16:10:18,345,758,702,326,956,693,659,699,729,36.57,83791.22,38.00,57.00,SilverMynSauvBlanc
2024-09-16 16:10:19,345,758,702,325,955,693,658,700,730,36.56,84103.49,38.00,57.00,SilverMynSauvBlanc
2024-09-16 16:10:19,347,758,703,325,956,694,658,700,731,36.56,84019.09,38.00,57.00,SilverMynSauvBlanc
2024-09-16 16:10:20,347,758,703,326,955,692,658,701,729,36.57,84129.39,38.00,57.00,SilverMynSauvBlanc
2024-09-16 16:10:21,347,759,702,324,957,693,659,702,730,36.57,84161.38,38.00,57.00,SilverMynSauvBlanc
2024-09-16 16:10:21,347,759,705,324,955,692,658,703,730,36.57,84181.11,38.00,57.00,SilverMynSauvBlanc
2024-09-16 16:10:22,350,759,704,325,954,692,657,702,730,36.57,84255.91,38.00,57.00,SilverMynSauvBlanc
2024-09-16 16:10:22,350,759,703,324,954,693,659,702,730,36.57,84260.12,38.00,57.00,SilverMynSauvBlanc
2024-09-16 16:10:23,349,759,703,326,956,693,659,701,730,36.57,84255.39,38.00,57.00,SilverMynSauvBlanc
2024-09-16 16:10:23,350,757,705,325,955,694,658,701,731,36.57,84327.57,38.00,58.00,SilverMynSauvBlanc
2024-09-16 16:10:24,348,758,703,324,955,693,659,702,730,36.57,84628.74,38.00,58.00,SilverMynSauvBlanc
2024-09-16 16:10:24,349,760,703,326,955,693,660,702,730,36.57,84376.88,38.00,58.00,SilverMynSauvBlanc
2024-09-16 16:10:25,351,757,705,324,956,693,659,703,731,36.58,84360.12,38.00,58.00,SilverMynSauvBlanc
2024-09-16 16:10:25,350,760,703,325,956,692,658,703,730,36.57,84045.33,38.00,58.00,SilverMynSauvBlanc
2024-09-16 16:10:26,352,757,705,327,955,694,660,701,730,36.57,83581.35,38.00,58.00,SilverMynSauvBlanc
2024-09-16 16:10:26,353,759,706,327,956,694,659,701,729,36.56,83135.46,38.00,58.00,SilverMynSauvBlanc
2024-09-16 16:10:27,353,759,703,324,956,694,657,700,729,36.56,83066.44,38.00,58.00,SilverMynSauvBlanc
2024-09-16 16:10:27,352,760,705,326,955,694,657,700,729,36.56,83579.77,38.00,58.00,SilverMynSauvBlanc
2024-09-16 16:10:28,352,758,705,327,957,694,659,700,729,36.56,84013.32,38.00,58.00,SilverMynSauvBlanc
2024-09-16 16:10:29,353,758,705,326,954,694,658,701,729,36.57,83897.47,38.00,58.00,SilverMynSauvBlanc
2024-09-16 16:10:29,353,759,706,324,956,693,657,701,731,36.57,83856.92,38.00,58.00,SilverMynSauvBlanc
2024-09-16 16:10:30,354,758,705,326,956,694,657,701,731,36.57,83662.42,38.00,58.00,SilverMynSauvBlanc
2024-09-16 16:10:30,353,759,703,325,955,692,659,702,729,36.57,83492.94,38.00,58.00,SilverMynSauvBlanc
2024-09-16 16:10:31,352,761,703,325,955,694,657,701,730,36.56,83263.17,38.00,58.00,SilverMynSauvBlanc
2024-09-16 16:10:31,352,760,705,324,956,693,658,699,729,36.57,83299.17,38.00,58.00,SilverMynSauvBlanc
2024-09-16 16:10:33,353,759,703,326,956,697,658,702,729,36.59,83454.21,38.00,58.00,SilverMynSauvBlanc
2024-09-16 16:10:33,352,761,703,326,955,696,657,702,729,36.59,83554.67,38.00,58.00,SilverMynSauvBlanc
2024-09-16 16:10:34,353,759,703,327,956,695,659,700,731,36.59,83524.12,38.00,58.00,SilverMynSauvBlanc
2024-09-16 16:10:34,354,760,704,325,954,695,657,700,731,36.59,83483.58,38.00,58.00,SilverMynSauvBlanc
2024-09-16 16:10:35,353,761,703,326,954,695,659,701,730,36.59,83312.18,38.00,58.00,SilverMynSauvBlanc
2024-09-16 16:10:35,354,759,703,327,954,696,659,700,730,36.60,83518.02,38.00,58.00,SilverMynSauvBlanc
2024-09-16 16:10:36,353,759,704,327,954,695,657,701,731,36.59,83520.11,38.00,58.00,SilverMynSauvBlanc
2024-09-16 16:10:36,353,759,704,326,956,697,657,699,731,36.59,83451.78,38.00,58.00,SilverMynSauvBlanc
2024-09-16 16:10:37,353,761,703,327,956,696,656,701,731,36.60,83411.25,38.00,58.00,SilverMynSauvBlanc
2024-09-16 16:10:37,355,759or_A0,745,664,326,695,656,701,732,36.60,83486.39,38.00,58.00,SilverMynSauvBlanc
2024-09-16 16:10:38,301,745,664,325,957,694,658,701,729,36.60,83391.33,38.00,58.00,SilverMynSauvBlanc
2024-09-16 16:10:38,304,745,665,326,957,695,657,700,730,36.60,83161.03,38.00,57.00,SilverMynSauvBlanc
2024-09-16 16:10:39,301,746,663,326,957,695,657,700,729,36.60,83015.16,38.00,57.00,SilverMynSauvBlanc
2024-09-16 16:10:39,302,744,666,326,958,696,656,699,731,36.60,82816.16,38.00,57.00,SilverMynSauvBlanc
2024-09-16 16:10:40,301,745,665,326,958,696,657,697,731,36.59,82777.73,38.00,57.00,SilverMynSauvBlanc
2024-09-16 16:10:40,301,743,666,326,957,696,655,698,729,36.60,82788.21,38.00,57.00,SilverMynSauvBlanc
2024-09-16 16:10:41,301,744,665,327,958,695,655,698,730,36.60,82771.27,38.00,57.00,SilverMynSauvBlanc
2024-09-16 16:10:41,300,746,665,326,958,695,656,697,731,36.59,82907.52,38.00,57.00,SilverMynSauvBlanc
2024-09-16 16:10:42,300,745,666,329,957,697,657,696,730,36.60,83757.77,38.00,57.00,SilverMynSauvBlanc
2024-09-16 16:10:42,303,744,664,328,958,696,657,697,731,36.60,83729.10,38.00,57.00,SilverMynSauvBlanc
2024-09-16 16:10:43,301,743,666,326,959,697,657,696,731,36.60,83716.17,38.00,57.00,SilverMynSauvBlanc
2024-09-16 16:10:43,303,744,665,328,957,694,656,697,730,36.60,83642.10,38.00,57.00,SilverMynSauvBlanc
