timestamp,MQ3,MQ135,MQ8,MQ5,MQ7,MQ4,MQ6,MQ2,MQ9,BMPTemperature,Pressure(Pa),DHTTemperature,Humidity
2024-09-13 15:12:53,555,618,637,186,550,602,552,357,407,35.69,82820.75,38.00,56.00
2024-09-13 15:12:53,553,619,636,187,551,601,551,357,406,35.71,82818.33,38.00,56.00
2024-09-13 15:12:54,554,619,635,186,553,601,550,357,407,35.73,82822.19,38.00,56.00
2024-09-13 15:12:54,554,620,636,186,552,602,550,356,406,35.73,82817.30,38.00,56.00
2024-09-13 15:12:55,553,619,636,188,552,601,551,358,407,35.73,82820.08,38.00,56.00
2024-09-13 15:12:55,554,620,636,185,550,602,552,358,406,35.74,82821.32,38.00,56.00
2024-09-13 15:12:56,552,620,637,186,551,601,552,358,407,35.74,82819.94,38.00,56.00
2024-09-13 15:12:56,555,620,637,186,550,601,550,358,407,35.74,82819.57,38.00,56.00
2024-09-13 15:12:57,553,620,636,188,550,600,550,358,406,35.74,82821.32,38.00,56.00
2024-09-13 15:12:57,554,620,636,185,551,600,552,358,405,35.75,82820.61,38.00,56.00
2024-09-13 15:12:58,553,620,638,189,552,601,552,358,406,35.74,82822.03,38.00,56.00
2024-09-13 15:12:59,552,619,636,187,553,602,552,358,406,35.75,82821.52,38.00,56.00
2024-09-13 15:12:59,553,620,637,187,551,602,552,357,406,35.74,82818.02,38.00,56.00
2024-09-13 15:13:00,552,620,637,187,550,601,549,357,406,35.75,82819.77,38.00,56.00
2024-09-13 15:13:00,553,620,636,187,551,600,550,357,406,35.75,82821.32,38.00,56.00
2024-09-13 15:13:01,555,620,637,187,552,600,550,356,404,35.75,82819.60,38.00,56.00
2024-09-13 15:13:01,554,619,636,186,551,600,550,358,405,35.75,82819.22,38.00,56.00
2024-09-13 15:13:02,553,619,637,188,551,601,551,358,406,35.75,82820.28,38.00,56.00
2024-09-13 15:13:02,553,619,636,186,550,600,550,357,407,35.75,82818.89,38.00,56.00
2024-09-13 15:13:03,555,621,637,187,550,601,551,358,406,35.75,82822.19,38.00,56.00
2024-09-13 15:13:03,553,620,637,187,550,600,552,356,406,35.75,82822.03,38.00,56.00
2024-09-13 15:13:04,555,621,635,189,552,600,552,357,405,35.75,82824.11,38.00,56.00
2024-09-13 15:13:04,553,621,637,187,553,602,550,357,406,35.74,82822.21,38.00,56.00
2024-09-13 15:13:05,554,622,636,187,551,601,552,358,406,35.75,82823.77,38.00,56.00
2024-09-13 15:13:05,555,622,638,188,553,600,552,356,406,35.74,82819.58,38.00,56.00
2024-09-13 15:13:06,553,622,637,187,553,600,552,357,405,35.74,82822.21,38.00,56.00
2024-09-13 15:13:06,554,622,636,188,552,602,552,356,406,35.75,82822.74,38.00,56.00
2024-09-13 15:13:07,552,621,636,188,553,600,552,356,406,35.75,82821.67,38.00,56.00
2024-09-13 15:13:07,553,620,637,186,551,600,552,356,406,35.75,82821.52,38.00,56.00
2024-09-13 15:13:08,552,620,636,187,552,600,551,358,405,35.75,82822.54,38.00,56.00
2024-09-13 15:13:08,555,620,637,187,551,600,552,356,405,35.75,82824.46,38.00,56.00
2024-09-13 15:13:09,553,621,636,187,551,600,550,356,405,35.75,82821.69,38.00,56.00
2024-09-13 15:13:09,555,621,638,188,553,601,551,357,405,35.75,82820.80,38.00,56.00
2024-09-13 15:13:10,553,622,636,188,551,600,551,358,406,35.75,82822.02,38.00,56.00
2024-09-13 15:13:10,553,622,636,188,551,601,550,358,406,35.75,82821.86,38.00,56.00
2024-09-13 15:13:11,555,620,638,187,553,600,551,358,405,35.75,82819.60,38.00,56.00
2024-09-13 15:13:11,553,620,637,188,552,600,552,356,406,35.75,82821.34,38.00,56.00
2024-09-13 15:13:12,554,621,637,188,551,601,550,358,405,35.75,82820.81,38.00,56.00
2024-09-13 15:13:12,555,620,638,188,550,601,550,357,407,35.74,82819.58,38.00,56.00
2024-09-13 15:13:13,553,620,638,186,552,600,551,358,406,35.75,82820.82,38.00,56.00
2024-09-13 15:13:13,553,620,636,187,551,601,551,357,407,35.75,82821.34,38.00,56.00
2024-09-13 15:13:14,554,622,635,187,553,601,551,357,406,35.75,82821.50,38.00,56.00
2024-09-13 15:13:15,555,621,636,188,551,601,551,358,406,35.75,82819.22,38.00,56.00
2024-09-13 15:13:15,554,621,636,188,551,600,553,357,406,35.75,82819.40,38.00,56.00
2024-09-13 15:13:16,555,621,637,187,552,601,550,358,405,35.75,82820.82,38.00,56.00
2024-09-13 15:13:16,555,621,638,187,553,599,552,357,406,35.75,82822.19,38.00,56.00
2024-09-13 15:13:17,553,622,635,188,551,601,550,358,407,35.75,82821.14,38.00,56.00
2024-09-13 15:13:17,555,621,636,187,551,600,552,357,405,35.74,82818.02,38.00,56.00
2024-09-13 15:13:18,554,622,636,188,550,599,550,357,406,35.75,82819.58,38.00,56.00
2024-09-13 15:13:18,554,622,636,187,552,599,551,357,406,35.75,82822.03,38.00,56.00
2024-09-13 15:13:19,553,623,637,187,553,599,550,357,405,35.75,82821.32,38.00,56.00
2024-09-13 15:13:19,555,622,636,187,551,600,552,358,406,35.75,82819.22,38.00,56.00
2024-09-13 15:13:20,555,623,636,187,551,599,551,358,407,35.75,82819.57,38.00,56.00
2024-09-13 15:13:20,554,620,637,188,551,601,551,358,406,35.74,82819.07,38.00,56.00
2024-09-13 15:13:21,553,623,636,188,551,601,552,358,405,35.75,82820.28,38.00,56.00
2024-09-13 15:13:21,553,623,636,187,551,599,552,358,407,35.75,82819.92,38.00,56.00
2024-09-13 15:13:22,555,622,635,187,552,601,550,357,406,35.75,82819.05,38.00,56.00
2024-09-13 15:13:22,555,621,638,186,551,598,551,357,405,35.75,82822.55,38.00,56.00
2024-09-13 15:13:23,554,621,636,186,551,599,550,356,405,35.75,82821.85,38.00,56.00
2024-09-13 15:13:23,554,620,637,187,552,599,551,358,405,35.75,82820.46,38.00,56.00
2024-09-13 15:13:24,554,622,637,188,553,599,550,358,405,35.75,82818.71,38.00,56.00
2024-09-13 15:13:24,555,623,636,188,552,599,552,357,406,35.75,82820.46,38.00,56.00
2024-09-13 15:13:25,555,622,636,187,552,599,552,357,406,35.75,82819.41,38.00,56.00
2024-09-13 15:13:25,553,621,636,187,551,599,552,357,406,35.75,82819.41,38.00,56.00
2024-09-13 15:13:26,553,623,637,186,553,600,550,358,405,35.75,82819.60,38.00,56.00
2024-09-13 15:13:26,555,622,636,186,552,600,552,357,406,35.75,82820.98,38.00,56.00
2024-09-13 15:13:27,553,623,637,187,553,599,551,358,407,35.75,82821.14,38.00,56.00
2024-09-13 15:13:28,554,622,636,186,551,600,552,358,406,35.75,82819.93,38.00,56.00
2024-09-13 15:13:28,553,623,636,187,553,598,551,358,407,35.75,82819.60,38.00,56.00
2024-09-13 15:13:29,555,622,636,188,553,600,552,357,406,35.75,82819.92,38.00,56.00
2024-09-13 15:13:29,553,622,638,188,551,601,552,357,406,35.74,82820.11,38.00,56.00
2024-09-13 15:13:30,555,623,638,188,552,600,550,358,407,35.75,82821.69,38.00,56.00
2024-09-13 15:13:30,554,622,636,188,552,600,552,359,407,35.75,82821.85,38.00,56.00
2024-09-13 15:13:31,553,623,638,188,551,599,550,357,407,35.75,82821.85,38.00,56.00
2024-09-13 15:13:31,555,621,637,188,551,598,552,359,407,35.75,82820.45,38.00,56.00
2024-09-13 15:13:32,553,623,638,186,553,599,552,359,407,35.75,82824.12,38.00,56.00
2024-09-13 15:13:32,553,623,639,186,552,598,550,358,406,35.75,82822.55,38.00,56.00
2024-09-13 15:13:33,554,621,637,188,551,600,550,358,405,35.74,82821.50,37.00,55.00
2024-09-13 15:13:33,553,622,636,186,551,598,552,357,405,35.75,82822.37,37.00,55.00
2024-09-13 15:13:34,555,623,637,186,552,598,550,358,405,35.75,82823.60,37.00,55.00
2024-09-13 15:13:34,555,622,636,187,552,598,552,357,405,35.75,82823.07,37.00,55.00
2024-09-13 15:13:35,553,623,636,188,553,599,551,359,406,35.75,82821.67,37.00,55.00
2024-09-13 15:13:35,554,623,638,187,552,600,551,357,405,35.75,82822.55,37.00,55.00
2024-09-13 15:13:36,553,622,637,187,551,598,551,359,406,35.75,82822.37,37.00,55.00
2024-09-13 15:13:36,553,622,636,186,551,598,551,359,407,35.75,82821.14,38.00,56.00
2024-09-13 15:13:37,554,623,637,186,553,600,550,359,405,35.75,82820.98,38.00,56.00
2024-09-13 15:13:37,553,622,638,186,551,598,552,359,406,35.75,82823.07,38.00,56.00
2024-09-13 15:13:38,553,624,636,185,551,598,551,359,407,35.75,82821.52,38.00,56.00
2024-09-13 15:13:38,553,624,636,188,553,600,552,359,407,35.74,82818.36,38.00,56.00
2024-09-13 15:13:39,553,622,636,188,553,600,552,359,407,35.75,82822.21,38.00,56.00
2024-09-13 15:13:40,553,622,636,187,552,600,551,358,405,35.75,82821.69,38.00,56.00
2024-09-13 15:13:40,553,623,636,188,553,599,551,359,406,35.75,82821.69,38.00,56.00
2024-09-13 15:13:41,555,623,637,186,551,598,551,359,406,35.75,82821.16,38.00,56.00
2024-09-13 15:13:41,555,622,638,187,553,599,552,359,407,35.75,82821.67,38.00,56.00
2024-09-13 15:13:42,553,622,636,186,551,599,552,358,405,35.75,82823.24,38.00,56.00
2024-09-13 15:13:42,554,624,638,189,553,599,552,358,406,35.75,82821.69,38.00,56.00
2024-09-13 15:13:43,554,622,638,187,553,598,552,359,406,35.74,82819.94,38.00,56.00
2024-09-13 15:13:43,554,622,637,188,552,599,551,357,407,35.74,82823.60,38.00,56.00
2024-09-13 15:13:44,554,624,636,187,552,598,550,357,406,35.75,82819.77,38.00,56.00
2024-09-13 15:13:44,555,623,636,187,553,597,552,358,406,35.75,82819.24,38.00,56.00
2024-09-13 15:13:45,553,623,637,189,552,600,550,357,407,35.75,82818.89,38.00,56.00
2024-09-13 15:13:45,553,622,637,188,553,598,551,357,405,35.75,82822.74,38.00,56.00
2024-09-13 15:13:46,553,622,638,189,552,599,551,359,406,35.75,82821.32,38.00,56.00
2024-09-13 15:13:46,554,623,638,188,553,597,552,357,406,35.75,82823.59,38.00,56.00
2024-09-13 15:13:47,555,623,636,186,552,597,550,359,407,35.75,82825.69,38.00,56.00
2024-09-13 15:13:47,555,624,637,187,551,598,551,359,406,35.75,82821.86,38.00,56.00
2024-09-13 15:13:48,554,625,636,188,551,598,550,359,406,35.75,82823.77,38.00,56.00
2024-09-13 15:13:48,555,624,638,189,553,599,552,359,407,35.75,82823.60,38.00,56.00
2024-09-13 15:13:49,555,624,637,188,552,599,552,359,406,35.75,82825.00,38.00,56.00
2024-09-13 15:13:49,554,625,636,189,553,599,552,358,406,35.75,82824.28,38.00,56.00
2024-09-13 15:13:50,554,624,638,187,553,599,551,358,408,35.75,82822.71,38.00,56.00
2024-09-13 15:13:50,555,623,638,188,552,598,551,357,406,35.74,82821.33,38.00,56.00
2024-09-13 15:13:51,555,623,636,187,552,599,552,358,406,35.75,82823.25,38.00,56.00
2024-09-13 15:13:51,554,624,637,187,552,597,550,358,407,35.75,82823.41,38.00,56.00
2024-09-13 15:13:52,554,624,636,189,554,597,551,357,405,35.75,82822.19,38.00,56.00
2024-09-13 15:13:52,554,624,636,186,552,598,551,359,407,35.74,82821.16,38.00,56.00
2024-09-13 15:13:53,554,625,638,189,553,596,549,359,407,35.75,82821.14,38.00,56.00
2024-09-13 15:13:54,555,623,638,187,553,597,551,357,407,35.75,82821.50,38.00,56.00
2024-09-13 15:13:54,553,623,638,189,552,596,549,356,405,35.75,82821.85,38.00,56.00
2024-09-13 15:13:55,553,622,639,187,553,597,550,359,405,35.75,82823.25,38.00,56.00
2024-09-13 15:13:55,553,624,637,187,553,596,551,357,405,35.75,82823.60,38.00,56.00
2024-09-13 15:13:56,554,623,636,186,553,598,551,357,405,35.75,82822.54,38.00,56.00
2024-09-13 15:13:56,553,623,637,187,551,598,551,357,404,35.75,82823.60,38.00,56.00
2024-09-13 15:13:57,555,625,638,186,551,596,550,358,406,35.75,82821.32,38.00,56.00
2024-09-13 15:13:57,555,623,636,188,554,597,550,357,406,35.75,82821.67,38.00,56.00
2024-09-13 15:13:58,554,625,637,188,552,596,551,357,404,35.75,82819.77,38.00,56.00
2024-09-13 15:13:58,554,623,636,186,553,596,550,357,406,35.75,82819.77,38.00,56.00
2024-09-13 15:13:59,553,624,637,188,553,595,550,359,405,35.75,82821.50,38.00,56.00
2024-09-13 15:13:59,555,623,639,187,553,595,549,358,406,35.75,82822.03,38.00,56.00
2024-09-13 15:14:00,553,624,638,188,554,595,553,360,406,35.75,82820.10,38.00,56.00
2024-09-13 15:14:01,553,624,639,186,552,595,552,359,406,35.75,82822.89,38.00,56.00
2024-09-13 15:14:01,553,625,638,186,552,595,551,360,406,35.75,82825.33,38.00,56.00
2024-09-13 15:14:02,555,623,637,188,553,596,552,359,408,35.74,82821.67,38.00,56.00
2024-09-13 15:14:02,554,625,638,186,552,597,551,360,406,35.75,82822.72,38.00,56.00
2024-09-13 15:14:03,553,623,637,189,552,595,552,359,407,35.75,82820.97,38.00,56.00
2024-09-13 15:14:03,553,624,638,189,553,594,551,359,406,35.75,82822.72,38.00,56.00
2024-09-13 15:14:04,555,625,638,189,553,594,550,358,406,35.75,82823.25,38.00,56.00
2024-09-13 15:14:04,555,625,638,188,553,594,550,358,407,35.75,82823.07,38.00,56.00
2024-09-13 15:14:05,554,624,637,188,552,595,550,358,405,35.75,82823.77,38.00,56.00
2024-09-13 15:14:06,553,623,636,188,552,594,549,358,406,35.75,82824.99,38.00,56.00
2024-09-13 15:14:06,554,623,636,186,551,593,550,360,406,35.76,82823.96,38.00,56.00
2024-09-13 15:14:07,554,625,638,188,552,593,549,360,405,35.75,82823.07,38.00,56.00
2024-09-13 15:14:07,555,624,637,188,554,595,549,360,405,35.75,82820.80,38.00,56.00
2024-09-13 15:14:08,555,624,637,189,552,595,551,360,407,35.75,82824.64,38.00,56.00
2024-09-13 15:14:08,555,626,638,188,552,595,551,359,406,35.75,82825.53,38.00,56.00
2024-09-13 15:14:09,555,623,639,187,553,595,550,360,406,35.75,82823.43,38.00,56.00
2024-09-13 15:14:09,555,625,638,188,553,595,551,358,406,35.75,82822.03,38.00,56.00
2024-09-13 15:14:10,553,623,637,188,553,595,550,359,407,35.75,82822.72,38.00,56.00
2024-09-13 15:14:10,553,626,637,186,552,593,551,358,407,35.75,82822.21,38.00,56.00
2024-09-13 15:14:11,553,623,637,186,551,595,551,360,407,35.75,82821.85,38.00,56.00
2024-09-13 15:14:11,554,625,636,188,551,595,549,358,407,35.75,82822.37,38.00,56.00
2024-09-13 15:14:12,553,625,638,186,551,593,550,359,407,35.74,82823.07,38.00,56.00
2024-09-13 15:14:12,554,624,638,187,554,593,549,358,405,35.74,82821.32,38.00,56.00
2024-09-13 15:14:13,555,625,638,188,553,594,549,359,406,35.74,82822.02,38.00,56.00
2024-09-13 15:14:13,553,624,638,188,551,595,549,360,407,35.75,82823.41,38.00,56.00
2024-09-13 15:14:14,553,624,637,188,551,593,551,359,407,35.75,82824.48,38.00,56.00
2024-09-13 15:14:14,555,626,638,186,551,593,550,360,406,35.75,82822.21,38.00,56.00
2024-09-13 15:14:15,554,626,638,189,553,595,551,359,405,35.75,82822.19,38.00,56.00
2024-09-13 15:14:15,554,624,637,188,554,593,550,358,407,35.75,82820.97,38.00,56.00
2024-09-13 15:14:16,554,624,636,185,552,595,552,358,406,35.75,82826.05,38.00,56.00
2024-09-13 15:14:16,554,626,637,187,554,594,551,360,405,35.75,82822.56,38.00,56.00
2024-09-13 15:14:17,553,626,638,187,552,593,551,358,407,35.75,82823.78,38.00,56.00
2024-09-13 15:14:17,553,623,637,188,553,595,551,359,406,35.75,82822.38,38.00,56.00
2024-09-13 15:14:18,555,625,637,188,553,593,550,360,407,35.74,82821.67,38.00,56.00
2024-09-13 15:14:18,555,625,637,188,552,596,550,359,407,35.75,82822.21,38.00,56.00
2024-09-13 15:14:19,554,624,636,186,553,595,550,359,407,35.75,82822.02,38.00,56.00
2024-09-13 15:14:19,553,625,639,188,551,593,551,360,406,35.75,82823.08,38.00,56.00
2024-09-13 15:14:20,554,624,638,188,551,594,552,360,407,35.75,82821.17,38.00,56.00
2024-09-13 15:14:20,555,624,638,188,552,593,550,360,407,35.75,82821.34,38.00,56.00
2024-09-13 15:14:21,554,625,638,189,553,593,550,361,406,35.75,82822.71,38.00,56.00
2024-09-13 15:14:22,555,626,639,189,553,593,550,360,406,35.75,82820.28,38.00,56.00
2024-09-13 15:14:22,553,625,636,187,553,594,550,360,406,35.75,82822.03,38.00,558
2024-09-13 15:14:23,555,625,638,188,554,603,558,368,414,35.75,82822.71,38.00,56.00
2024-09-13 15:14:23,554,625,637,189,554,601,556,368,414,35.75,82821.14,38.00,56.00
2024-09-13 15:14:24,553,626,638,187,553,602,557,367,412,35.75,82821.14,38.00,56.00
2024-09-13 15:14:24,554,624,637,186,551,602,556,368,412,35.75,82821.32,38.00,56.00
2024-09-13 15:14:25,555,624,637,188,552,602,557,368,414,35.75,82822.72,38.00,56.00
2024-09-13 15:14:25,553,624,638,187,552,602,557,368,411,35.75,82819.93,38.00,56.00
2024-09-13 15:14:26,555,624,639,187,552,603,556,367,413,35.75,82824.46,38.00,56.00
2024-09-13 15:14:26,553,625,638,187,553,603,558,366,411,35.75,82819.94,38.00,56.00
2024-09-13 15:14:27,554,624,637,188,553,602,557,367,413,35.75,82824.47,38.00,56.00
2024-09-13 15:14:27,553,626,637,187,554,602,558,367,414,35.75,82820.80,38.00,56.00
2024-09-13 15:14:28,554,626,638,188,554,602,559,367,411,35.75,82824.11,38.00,56.00
2024-09-13 15:14:28,555,625,638,186,552,602,558,367,412,35.75,82822.37,38.00,56.00
2024-09-13 15:14:29,554,626,637,186,552,602,557,368,412,35.75,82823.42,38.00,56.00
2024-09-13 15:14:29,556,625,636,188,552,602,557,368,412,35.75,82822.71,38.00,56.00
2024-09-13 15:14:30,555,625,637,188,554,603,557,367,413,35.75,82822.89,38.00,56.00
2024-09-13 15:14:30,555,625,638,188,553,604,558,368,413,35.75,82819.41,38.00,56.00
2024-09-13 15:14:31,554,626,638,187,552,603,558,368,413,35.75,82821.85,38.00,56.00
2024-09-13 15:14:31,554,624,638,187,554,603,558,366,411,35.75,82822.39,38.00,56.00
2024-09-13 15:14:32,555,626,636,188,552,604,557,366,413,35.75,82823.25,38.00,56.00
2024-09-13 15:14:32,553,625,637,189,553,602,558,367,411,35.75,82823.59,38.00,56.00
2024-09-13 15:14:33,555,625,637,186,553,602,558,366,412,35.75,82822.89,38.00,56.00
2024-09-13 15:14:34,554,624,637,186,553,602,558,366,412,35.75,82822.21,38.00,56.00
2024-09-13 15:14:34,554,625,639,187,553,603,557,367,413,35.75,82823.25,38.00,56.00
2024-09-13 15:14:35,553,625,637,188,551,602,557,366,413,35.75,82823.26,38.00,56.00
2024-09-13 15:14:35,555,625,637,188,551,604,556,368,413,35.75,82820.47,38.00,56.00
2024-09-13 15:14:36,554,625,639,188,553,602,557,368,411,35.76,82824.83,38.00,56.00
2024-09-13 15:14:36,554,626,638,187,553,603,558,368,413,35.75,82824.47,38.00,56.00
2024-09-13 15:14:37,555,625,637,189,554,603,558,368,414,35.75,82823.27,38.00,56.00
2024-09-13 15:14:37,554,624,637,188,552,603,556,368,413,35.76,82825.01,38.00,56.00
2024-09-13 15:14:38,555,626,636,188,551,602,558,368,412,35.75,82826.57,38.00,56.00
2024-09-13 15:14:38,555,625,637,187,553,602,558,368,412,35.75,82824.30,38.00,56.00
2024-09-13 15:14:39,554,625,639,187,552,603,557,367,412,35.75,82824.13,38.00,56.00
2024-09-13 15:14:39,555,625,639,187,554,602,556,366,411,35.75,82823.07,38.00,56.00
2024-09-13 15:14:40,555,624,639,187,553,602,557,368,413,35.76,82825.88,38.00,56.00
2024-09-13 15:14:40,553,627,637,187,554,603,557,366,412,35.75,82822.03,38.00,56.00
2024-09-13 15:14:41,554,626,637,187,552,602,556,367,412,35.75,82821.33,38.00,56.00
2024-09-13 15:14:41,554,626,638,187,554,602,556,367,413,35.75,82821.32,38.00,56.00
2024-09-13 15:14:42,554,627,636,188,554,603,558,366,412,35.75,82821.33,38.00,56.00
2024-09-13 15:14:42,555,624,639,188,552,604,556,368,412,35.75,82822.37,38.00,56.00
2024-09-13 15:14:43,555,625,639,186,553,604,557,368,412,35.75,82821.67,38.00,56.00
2024-09-13 15:14:43,553,626,637,188,551,602,556,366,411,35.75,82822.72,38.00,56.00
2024-09-13 15:14:44,555,626,637,186,552,603,557,368,413,35.76,82824.66,38.00,56.00
2024-09-13 15:14:45,555,624,639,187,553,642,705,479,565,35.80,83608.33,38.00,56.00
2024-09-13 15:14:46,554,625,637,188,553,648,712,501,576,35.79,83686.35,38.00,56.00
2024-09-13 15:14:46,555,626,638,187,553,652,718,519,583,35.79,84784.47,38.00,55.00
2024-09-13 15:14:47,553,625,638,188,552,655,726,539,593,35.79,86296.29,38.00,55.00
2024-09-13 15:14:48,554,626,639,187,552,660,732,556,599,35.79,85319.30,38.00,55.00
2024-09-13 15:14:48,556,624,637,188,553,665,739,568,604,35.80,84200.74,38.00,55.00
2024-09-13 15:14:49,554,626,637,188,553,669,746,580,610,35.80,83796.83,38.00,55.00
2024-09-13 15:14:49,555,626,637,188,552,672,749,589,614,35.80,83546.05,38.00,55.00
2024-09-13 15:14:50,555,626,637,186,553,674,754,599,619,35.79,83615.16,38.00,55.00
2024-09-13 15:14:50,554,625,637,188,552,679,759,606,624,35.79,84803.11,37.00,54.00
2024-09-13 15:14:51,555,626,639,188,553,681,763,617,631,35.79,85371.69,37.00,54.00
2024-09-13 15:14:51,555,625,638,187,553,684,766,629,636,35.79,85114.81,37.00,54.00
2024-09-13 15:14:52,554,625,637,186,552,688,770,638,638,35.80,84124.25,37.00,54.00
2024-09-13 15:14:52,555,627,637,186,552,689,775,644,643,35.80,83561.58,37.00,54.00
2024-09-13 15:14:53,556,625,638,187,552,692,777,650,644,35.80,83412.02,37.00,54.00
2024-09-13 15:14:53,553,625,637,188,553,696,779,656,649,35.80,83320.92,37.00,54.00
2024-09-13 15:14:54,555,625,639,187,554,698,782,662,651,35.79,84169.65,37.00,54.00
2024-09-13 15:14:54,553,625,639,187,553,701,782,668,653,35.79,85155.51,37.00,54.00
2024-09-13 15:14:55,554,625,637,186,553,703,782,675,654,35.79,84422.89,37.00,54.00
2024-09-13 15:14:55,555,625,638,188,552,707,785,679,657,35.80,83681.99,37.00,54.00
2024-09-13 15:14:56,556,626,639,186,552,709,786,685,657,35.80,83392.47,37.00,54.00
2024-09-13 15:14:56,555,625,637,188,554,709,788,689,660,35.79,83310.27,37.00,54.00
2024-09-13 15:14:57,555,625,637,187,554,713,789,693,662,35.79,84182.89,37.00,54.00
2024-09-13 15:14:57,554,627,639,187,552,714,791,697,662,35.80,86517.29,37.00,53.00
2024-09-13 15:14:58,554,625,638,188,552,717,793,703,664,35.81,85019.52,37.00,53.00
2024-09-13 15:14:58,554,625,639,187,552,718,794,709,663,35.81,84067.05,37.00,53.00
2024-09-13 15:14:59,555,626,636,187,553,719,796,711,665,35.80,83758.10,37.00,53.00
2024-09-13 15:14:59,555,626,636,187,5536,722,796,714,666,35.79,83847.10,37.00,53.00
2024-09-13 15:15:00,554,628,639,186,553,724,797,718,668,35.79,85790.99,37.00,53.00
2024-09-13 15:15:01,554,630,637,188,553,726,798,723,670,35.80,85981.94,37.00,53.00
2024-09-13 15:15:01,553,630,638,186,553,727,799,725,670,35.80,84979.71,37.00,53.00
2024-09-13 15:15:02,554,629,639,187,555,730,801,727,670,35.80,84069.82,37.00,53.00
2024-09-13 15:15:02,554,630,639,186,553,732,802,730,670,35.79,83713.41,37.00,53.00
2024-09-13 15:15:03,555,629,638,188,554,734,803,732,673,35.79,84748.81,37.00,53.00
2024-09-13 15:15:03,554,629,637,188,553,735,803,736,676,35.79,86056.07,37.00,53.00
2024-09-13 15:15:04,554,628,638,188,553,737,805,739,676,35.79,85811.03,37.00,53.00
2024-09-13 15:15:04,554,629,637,188,555,738,807,738,677,35.79,84500.27,37.00,53.00
2024-09-13 15:15:05,554,630,639,187,553,740,806,740,676,35.79,83866.82,37.00,53.00
2024-09-13 15:15:05,553,628,637,188,555,742,805,743,677,35.79,83736.96,37.00,53.00
2024-09-13 15:15:06,556,628,637,187,554,745,806,743,679,35.79,84998.49,37.00,53.00
2024-09-13 15:15:06,555,629,637,188,555,746,807,746,681,35.78,86841.94,37.00,53.00
2024-09-13 15:15:07,554,630,637,187,554,748,806,747,680,35.79,85529.00,37.00,53.00
2024-09-13 15:15:08,554,629,637,187,555,806,789,778,706,35.74,83257.49,37.00,52.00
2024-09-13 15:15:09,556,627,639,187,554,805,789,777,705,35.74,84011.35,37.00,52.00
2024-09-13 15:15:09,555,630,637,188,553,807,788,777,707,35.74,85315.50,37.00,52.00
2024-09-13 15:15:10,555,628,640,188,553,805,788,778,706,35.74,86123.69,37.00,52.00
2024-09-13 15:15:10,555,628,637,189,555,808,788,777,707,35.75,84932.85,37.00,52.00
2024-09-13 15:15:11,555,628,638,186,553,807,787,778,706,35.75,84051.33,37.00,52.00
2024-09-13 15:15:11,554,628,637,186,554,806,786,776,707,35.75,83727.78,37.00,52.00
2024-09-13 15:15:12,556,628,638,189,555,807,786,777,708,35.75,83502.32,37.00,52.00
2024-09-13 15:15:12,555,629,638,186,553,808,785,777,709,35.74,83389.76,37.00,52.00
2024-09-13 15:15:13,554,629,638,187,554,807,785,777,709,35.74,83255.57,37.00,52.00
2024-09-13 15:15:13,556,628,638,188,553,806,786,776,710,35.73,83180.72,37.00,52.00
2024-09-13 15:15:14,553,628,637,186,553,807,785,778,710,35.73,83091.02,37.00,52.00
2024-09-13 15:15:14,555,629,638,187,555,809,783,776,711,35.73,83437.53,37.00,52.00
2024-09-13 15:15:15,554,630,638,186,553,808,784,776,710,35.73,85929.49,37.00,52.00
2024-09-13 15:15:15,554,629,637,189,555,808,784,777,711,35.74,87709.11,37.00,52.00
2024-09-13 15:15:16,555,630,640,188,553,810,783,776,712,35.75,86904.80,37.00,52.00
2024-09-13 15:15:17,553,630,639,188,554,808,785,776,711,35.76,85282.46,37.00,52.00
2024-09-13 15:15:17,556,629,638,188,555,810,782,778,711,35.76,84370.78,37.00,52.00
2024-09-13 15:15:18,555,629,639,188,553,808,784,776,712,35.75,84035.11,37.00,53.00
2024-09-13 15:15:18,556,630,639,189,555,810,783,776,711,35.74,83759.33,37.00,53.00
2024-09-13 15:15:19,554,630,637,188,555,808,781,777,713,35.74,83574.00,37.00,53.00
2024-09-13 15:15:19,556,628,639,187,553,810,782,776,712,35.73,83590.57,37.00,53.00
2024-09-13 15:15:20,554,629,639,188,555,809,782,777,713,35.73,84817.02,37.00,53.00
2024-09-13 15:15:20,556,628,637,188,553,810,781,775,713,35.73,87721.83,37.00,53.00
2024-09-13 15:15:21,554,628,638,189,555,810,780,777,714,35.73,87746.71,37.00,53.00
2024-09-13 15:15:21,555,630,639,188,553,810,781,777,714,35.75,85905.30,37.00,53.00
2024-09-13 15:15:22,554,631,639,187,554,811,781,777,715,35.76,85068.92,37.00,53.00
2024-09-13 15:15:22,555,630,638,187,555,810,781,778,714,35.75,84350.32,37.00,53.00
2024-09-13 15:15:23,555,629,638,187,554,811,781,777,716,35.74,83970.16,37.00,53.00
2024-09-13 15:15:23,555,628,637,188,553,811,780,776,715,35.74,83740.14,37.00,53.00
2024-09-13 15:15:24,554,630,638,186,553,811,781,776,716,35.73,83603.32,37.00,53.00
2024-09-13 15:15:24,555,629,637,186,553,811,780,776,715,35.73,83428.81,37.00,53.00
2024-09-13 15:15:25,556,629,637,187,555,811,780,778,718,35.73,83288.71,37.00,53.00
2024-09-13 15:15:25,556,628,639,186,553,811,778,777,716,35.73,83176.51,37.00,53.00
2024-09-13 15:15:26,555,630,637,187,554,811,777,777,718,35.72,83098.70,37.00,53.00
2024-09-13 15:15:26,554,628,637,188,554,813,777,778,716,35.73,83059.63,37.00,53.00
2024-09-13 15:15:27,554,630,638,187,553,811,779,776,718,35.72,83657.57,37.00,53.00
2024-09-13 15:15:28,554,628,637,187,555,811,778,776,717,35.73,86048.86,37.00,53.00
2024-09-13 15:15:28,554,628,638,188,553,811,779,776,718,35.73,87909.50,37.00,53.00
2024-09-13 15:15:29,553,628,638,189,555,811,779,776,719,35.74,87224.80,37.00,53.00
2024-09-13 15:15:29,554,629,638,189,555,813,777,776,719,35.75,85727.13,37.00,53.00
2024-09-13 15:15:30,555,629,638,187,553,811,776,778,718,35.75,84592.43,37.00,53.00
2024-09-13 15:15:31,555,630,637,188,553,816,758,770,720,35.72,84749.07,37.00,55.00
2024-09-13 15:15:31,556,628,637,187,553,816,759,767,720,35.72,84020.17,37.00,55.00
2024-09-13 15:15:32,556,628,638,188,553,818,758,767,720,35.71,83764.49,37.00,55.00
2024-09-13 15:15:32,556,629,638,187,554,816,757,769,719,35.70,83564.69,37.00,55.00
2024-09-13 15:15:33,555,628,639,187,554,818,757,767,720,35.70,83416.55,37.00,55.00
2024-09-13 15:15:34,802,914,928,492,902,818,756,768,721,35.70,83230.02,37.00,55.00
2024-09-13 15:15:34,804,916,929,495,904,816,758,767,720,35.69,85138.25,37.00,55.00
2024-09-13 15:15:35,807,915,929,499,907,816,757,769,718,35.71,88078.30,37.00,55.00
2024-09-13 15:15:35,809,919,929,503,908,816,758,768,720,35.73,87385.82,37.00,55.00
2024-09-13 15:15:36,809,918,930,503,911,816,757,767,719,35.74,86116.20,37.00,55.00
2024-09-13 15:15:36,812,918,931,508,912,817,756,769,719,35.74,84843.25,37.00,55.00
2024-09-13 15:15:37,812,922,930,511,913,818,756,768,718,35.73,84217.28,37.00,55.00
2024-09-13 15:15:37,813,922,933,511,918,819,756,766,720,35.73,83893.49,37.00,55.00
2024-09-13 15:15:38,816,923,932,515,917,816,758,767,719,35.72,83836.94,37.00,55.00
2024-09-13 15:15:38,817,923,933,518,918,817,756,768,719,35.72,85458.75,37.00,55.00
2024-09-13 15:15:39,820,923,937,521,918,817,756,767,720,35.73,88213.53,37.00,55.00
2024-09-13 15:15:40,821,922,937,523,920,818,756,769,718,35.74,87192.47,37.00,55.00
2024-09-13 15:15:40,823,926,936,526,923,818,757,767,721,35.75,85982.28,37.00,55.00
2024-09-13 15:15:41,827,924,935,528,924,817,757,769,719,35.74,84799.97,37.00,55.00
2024-09-13 15:15:41,828,925,936,531,925,818,756,768,719,35.73,84197.70,37.00,55.00
2024-09-13 15:15:42,830,927,936,532,923,819,758,768,720,35.72,83884.77,37.00,55.00
2024-09-13 15:15:42,830,928,936,534,927,818,755,768,718,35.72,83851.44,37.00,55.00
2024-09-13 15:15:43,831,927,938,534,927,819,757,766,720,35.72,85491.41,37.00,55.00
2024-09-13 15:15:43,833,928,941,538,926,819,756,768,721,35.73,87757.28,37.00,55.00
2024-09-13 15:15:44,835,928,938,539,930,818,757,768,719,35.74,87646.75,37.00,55.00
2024-09-13 15:15:44,839,929,939,542,929,818,758,767,719,35.75,86357.82,37.00,55.00
2024-09-13 15:15:45,838,930,940,543,928,817,759,768,720,35.75,85039.16,37.00,55.00
2024-09-13 15:15:45,839,931,940,545,930,818,758,769,721,35.74,84357.63,37.00,55.00
2024-09-13 15:15:46,839,929,942,548,931,817,758,767,719,35.73,83990.16,37.00,55.00
2024-09-13 15:15:46,843,931,941,548,933,820,757,768,720,35.71,83897.83,37.00,55.00
2024-09-13 15:15:47,842,930,944,551,934,819,756,769,719,35.71,84941.41,37.00,55.00
2024-09-13 15:15:47,844,932,942,551,934,820,757,767,721,35.72,87050.03,37.00,55.00
2024-09-13 15:15:48,844,932,943,553,933,819,758,768,721,35.73,87593.57,37.00,55.00
2024-09-13 15:15:48,847,931,944,556,933,817,758,768,720,35.74,86515.49,37.00,55.00
2024-09-13 15:15:49,848,934,943,556,936,819,759,768,720,35.74,85074.39,37.00,55.00
2024-09-13 15:15:49,848,935,943,558,935,818,758,767,719,35.73,84325.46,37.00,55.00
2024-09-13 15:15:50,849,933,944,560,936,820,756,768,719,35.73,83934.52,37.00,55.00
2024-09-13 15:15:51,851,934,944,563,936,818,757,770,719,35.72,83784.24,37.00,55.00
2024-09-13 15:15:51,853,934,946,562,940,819,757,768,720,35.71,83752.79,37.00,55.00
2024-09-13 15:15:52,854,935,944,564,938,819,756,768,721,35.71,85871.32,37.00,55.00
2024-09-13 15:15:52,853,934,947,565,941,820,757,768,722,35.71,88235.99,37.00,55.00
2024-09-13 15:15:54,857,936,946,570,941,823,751,759,715,35.70,83059.42,36.00,55.00
2024-09-13 15:15:54,856,936,948,571,941,821,752,759,714,35.70,83001.49,36.00,55.00
2024-09-13 15:15:55,858,938,945,575,943,820,750,759,716,35.71,82972.02,36.00,55.00
2024-09-13 15:15:55,858,937,949,576,943,821,752,757,716,35.72,82936.78,36.00,55.00
2024-09-13 15:15:56,861,939,947,576,943,821,749,757,716,35.72,82924.41,36.00,55.00
2024-09-13 15:15:56,861,937,948,577,942,821,750,758,713,35.71,82906.08,36.00,55.00
2024-09-13 15:15:57,860,937,949,578,945,820,751,758,715,35.71,82893.69,36.00,55.00
2024-09-13 15:15:57,863,937,949,580,946,820,751,756,716,35.70,82884.44,36.00,55.00
2024-09-13 15:15:58,862,939,948,582,945,821,749,756,716,35.69,82878.66,36.00,55.00
2024-09-13 15:15:58,863,940,949,584,944,821,751,757,714,35.70,82868.55,36.00,55.00
2024-09-13 15:15:59,862,938,948,585,946,820,749,755,714,35.70,82867.16,36.00,55.00
2024-09-13 15:15:59,863,939,948,584,946,822,751,756,715,35.69,82863.67,36.00,55.00
2024-09-13 15:16:00,864,942,947,586,945,821,750,754,714,35.69,82858.44,36.00,55.00
2024-09-13 15:16:01,864,940,947,587,945,821,751,753,714,35.69,84513.67,36.00,55.00
2024-09-13 15:16:01,864,939,948,588,949,822,751,755,715,35.70,85694.74,36.00,56.00
2024-09-13 15:16:02,867,940,951,587,948,821,748,755,712,35.70,85716.48,36.00,56.00
2024-09-13 15:16:02,868,940,949,588,948,821,749,756,712,35.72,85720.00,36.00,56.00
2024-09-13 15:16:03,866,941,951,587,949,820,750,756,712,35.74,85696.71,36.00,56.00
2024-09-13 15:16:03,867,940,948,589,951,823,748,756,712,35.73,85849.14,36.00,56.00
2024-09-13 15:16:04,870,942,948,589,948,821,751,755,713,35.73,85811.74,36.00,56.00
2024-09-13 15:16:04,869,941,948,590,949,820,751,754,714,35.73,85744.32,36.00,56.00
2024-09-13 15:16:05,869,941,949,592,950,823,748,757,714,35.73,85658.38,36.00,56.00
2024-09-13 15:16:05,871,940,950,591,949,822,749,754,714,35.74,85659.33,36.00,56.00
2024-09-13 15:16:06,871,943,949,594,951,820,751,755,713,35.74,85645.02,36.00,56.00
2024-09-13 15:16:06,870,942,949,594,951,820,750,756,713,35.74,85606.28,36.00,56.00
2024-09-13 15:16:07,871,942,949,593,951,822,748,756,714,35.75,85582.55,36.00,56.00
2024-09-13 15:16:07,871,853,938,917,544,820,751,755,713,35.75,85593.39,36.00,56.00
2024-09-13 15:16:08,852,938,917,544,966,821,749,755,713,35.75,85732.89,36.00,56.00
2024-09-13 15:16:08,853,939,919,541,966,822,749,756,715,35.76,85801.41,36.00,56.00
2024-09-13 15:16:09,853,939,919,543,967,822,751,754,714,35.75,86158.38,36.00,56.00
2024-09-13 15:16:09,852,938,917,541,966,822,749,756,713,35.75,86134.80,36.00,56.00
2024-09-13 15:16:10,850,940,916,542,965,820,751,756,712,35.76,86190.19,36.00,56.00
2024-09-13 15:16:10,851,939,918,541,966,822,750,756,712,35.75,86208.33,36.00,56.00
2024-09-13 15:16:11,853,937,918,539,967,821,751,756,714,35.76,86171.35,36.00,56.00
2024-09-13 15:16:12,851,939,917,541,966,821,751,756,713,35.76,86136.04,36.00,56.00
2024-09-13 15:16:12,851,938,917,538,966,821,752,756,713,35.76,86250.25,36.00,55.00
2024-09-13 15:16:13,852,937,916,540,967,821,750,757,714,35.76,86205.03,36.00,55.00
2024-09-13 15:16:13,851,940,917,539,967,822,751,757,712,35.76,86219.20,36.00,55.00
2024-09-13 15:16:14,850,937,914,539,965,823,750,757,713,35.77,86209.83,36.00,55.00
2024-09-13 15:16:14,849,939,917,539,966,822,750,758,713,35.77,86278.69,36.00,55.00
2024-09-13 15:16:15,849,940,915,537,964,821,751,757,713,35.77,86358.47,36.00,55.00
2024-09-13 15:16:16,849,938,915,535,968,824,758,767,719,35.74,86546.38,36.00,55.00
2024-09-13 15:16:17,848,937,916,534,967,824,759,769,721,35.74,86511.80,36.00,55.00
2024-09-13 15:16:17,848,938,915,534,968,824,758,768,720,35.74,86503.94,36.00,55.00
2024-09-13 15:16:18,849,939,915,535,966,824,758,770,719,35.74,86444.72,36.00,55.00
2024-09-13 15:16:18,847,938,913,533,964,824,758,770,720,35.74,86419.94,36.00,55.00
2024-09-13 15:16:19,847,936,915,533,967,825,758,768,721,35.74,86343.24,36.00,55.00
2024-09-13 15:16:19,847,938,914,534,966,824,759,768,720,35.74,86304.32,36.00,55.00
2024-09-13 15:16:20,846,939,912,534,965,822,760,770,721,35.74,86288.77,36.00,55.00
2024-09-13 15:16:20,847,939,912,532,965,823,758,770,720,35.74,86176.99,36.00,56.00
2024-09-13 15:16:21,845,936,912,531,965,823,758,768,721,35.74,86038.83,36.00,56.00
2024-09-13 15:16:21,846,936,915,531,964,824,759,767,719,35.74,86005.14,36.00,56.00
2024-09-13 15:16:22,845,936,913,531,967,821,759,769,720,35.75,85969.53,36.00,56.00
2024-09-13 15:16:22,844,939,912,531,965,824,758,769,720,35.74,85851.98,36.00,56.00
2024-09-13 15:16:23,844,936,913,530,966,823,759,769,720,35.74,85818.63,36.00,56.00
2024-09-13 15:16:24,844,938,912,531,965,824,758,770,721,35.75,85709.85,36.00,56.00
2024-09-13 15:16:24,843,938,912,531,964,822,758,770,720,35.75,85532.95,36.00,56.00
2024-09-13 15:16:25,845,934,914,528,967,823,758,768,722,35.75,84775.37,36.00,56.00
2024-09-13 15:16:25,842,938,911,530,965,822,757,768,719,35.74,84222.19,36.00,56.00
2024-09-13 15:16:26,844,935,914,528,967,822,758,769,721,35.74,83582.57,36.00,56.00
2024-09-13 15:16:26,842,937,910,530,966,823,759,769,720,35.74,83384.00,36.00,56.00
2024-09-13 15:16:27,843,934,912,528,964,823,756,769,721,35.74,83288.90,36.00,56.00
2024-09-13 15:16:27,843,934,911,526,964,822,756,769,720,35.74,83212.99,36.00,56.00
2024-09-13 15:16:28,843,936,910,528,965,822,757,768,720,35.74,83119.64,36.00,56.00
2024-09-13 15:16:28,843,934,911,525,966,821,757,768,721,35.74,83075.50,36.00,56.00
2024-09-13 15:16:29,842,935,911,528,966,821,756,767,721,35.74,83027.89,36.00,56.00
2024-09-13 15:16:29,842,934,910,527,966,822,757,766,720,35.73,82986.88,36.00,56.00
2024-09-13 15:16:30,843,935,909,527,964,821,756,766,721,35.73,82956.35,36.00,56.00
2024-09-13 15:16:30,840,935,909,525,964,821,757,768,720,35.73,82941.67,36.00,56.00
2024-09-13 15:16:31,840,937,908,526,964,821,755,765,720,35.73,82923.20,36.00,56.00
2024-09-13 15:16:31,840,935,910,523,966,822,756,765,721,35.73,82909.24,35.00,55.00
2024-09-13 15:16:32,838,935,911,523,964,820,756,765,720,35.73,82895.63,35.00,55.00
2024-09-13 15:16:33,838,935,911,522,964,821,755,765,719,35.73,82891.27,35.00,55.00
2024-09-13 15:16:33,839,934,908,523,967,821,754,766,718,35.73,82880.63,35.00,55.00
2024-09-13 15:16:34,839,933,909,522,965,821,756,766,720,35.72,82879.22,35.00,55.00
2024-09-13 15:16:34,838,936,910,523,966,819,754,764,719,35.71,82871.36,35.00,55.00
2024-09-13 15:16:35,839,935,909,521,964,902,835,843,796,35.71,82868.39,35.00,55.00
2024-09-13 15:16:35,838,936,909,520,966,904,836,848,801,35.71,82865.60,36.00,56.00
2024-09-13 15:16:36,837,936,907,521,967,907,836,847,802,35.70,82865.78,36.00,56.00
2024-09-13 15:16:36,838,934,908,521,964,902,831,843,796,35.70,82857.39,36.00,56.00
2024-09-13 15:16:37,839,932,910,520,964,901,832,845,795,35.70,82862.62,36.00,56.00
2024-09-13 15:16:37,837,934,909,521,967,903,832,843,795,35.69,82856.85,36.00,56.00
2024-09-13 15:16:38,837,934,907,521,966,904,832,844,796,35.70,82855.47,36.00,36.00
2024-09-13 15:16:39,836,934,910,518,965,879,772,728,759,35.74,82843.47,36.00,60.00
2024-09-13 15:16:39,837,935,909,517,966,881,772,725,759,35.74,82838.96,36.00,60.00
2024-09-13 15:16:40,838,933,907,518,966,878,772,726,758,35.74,82841.38,36.00,60.00
2024-09-13 15:16:40,836,935,908,519,964,877,773,724,757,35.74,82842.79,36.00,60.00
2024-09-13 15:16:41,836,935,908,519,963,877,772,722,758,35.73,82837.89,36.00,60.00
2024-09-13 15:16:41,799,924,890,474,962,879,771,722,757,35.74,82839.99,36.00,60.00
2024-09-13 15:16:42,799,922,892,473,962,879,770,723,755,35.74,82840.67,36.00,60.00
2024-09-13 15:16:43,801,924,890,473,963,877,771,721,754,35.74,82840.85,36.00,61.00
2024-09-13 15:16:43,799,923,892,473,962,878,772,720,754,35.74,82841.92,36.00,61.00
2024-09-13 15:16:44,799,923,892,473,962,879,769,720,756,35.74,82844.35,36.00,61.00
2024-09-13 15:16:44,800,923,892,473,961,879,770,718,756,35.74,82842.61,36.00,61.00
2024-09-13 15:16:45,799,922,891,473,965,877,770,717,755,35.74,82839.99,36.00,61.00
2024-09-13 15:16:45,800,923,892,473,964,878,769,717,753,35.74,82840.16,36.00,61.00
2024-09-13 15:16:46,799,923,892,472,963,879,769,716,755,35.75,82842.45,36.00,61.00
2024-09-13 15:16:46,798,924,893,474,962,876,768,717,755,35.74,82839.82,36.00,61.00
2024-09-13 15:16:47,799,925,891,474,964,879,767,715,755,35.74,82839.47,36.00,61.00
2024-09-13 15:16:47,799,924,891,472,963,878,768,713,753,35.75,82839.14,36.00,61.00
2024-09-13 15:16:48,799,922,894,473,962,879,767,715,753,35.75,82838.61,36.00,61.00
2024-09-13 15:16:48,798,923,893,474,962,877,769,713,752,35.75,82838.78,36.00,61.00
2024-09-13 15:16:49,798,923,892,474,962,877,766,713,753,35.75,82840.71,36.00,61.00
2024-09-13 15:16:49,798,923,891,473,964,879,765,713,752,35.74,82837.21,36.00,61.00
2024-09-13 15:16:50,798,924,892,474,963,877,765,713,752,35.75,82841.39,36.00,61.00
2024-09-13 15:16:50,797,925,894,473,963,877,765,711,753,35.75,82837.37,36.00,61.00
2024-09-13 15:16:51,799,925,893,474,964,878,765,709,751,35.74,82838.96,36.00,61.00
2024-09-13 15:16:52,797,926,891,474,965,877,766,710,750,35.75,82840.35,36.00,61.00
2024-09-13 15:16:52,797,925,892,474,964,877,765,710,751,35.75,82841.74,36.00,61.00
