yyyy-mm-dd timestamp,MQ6,MQ5,MQ4,MQ7,MQ3,MQ8,MQ2,MQ135,MQ9,BMPTemperature,Pressure(Pa),DHTTemperature,Humidity,Target
2024-09-16 15:24:59,394,873,770,431,951,790,668,768,724,35.86,86221.78,37.00,54.00,NamaquaCabSav0916
2024-09-16 15:25:00,392,872,770,431,950,788,667,767,724,35.87,85893.97,37.00,54.00,NamaquaCabSav0916
2024-09-16 15:25:00,394,872,770,430,951,788,668,766,724,35.88,85976.45,37.00,54.00,NamaquaCabSav0916
2024-09-16 15:25:01,393,874,771,432,953,789,667,766,724,35.88,85675.11,37.00,54.00,NamaquaCabSav0916
2024-09-16 15:25:01,394,873,771,432,951,787,668,765,723,35.88,84855.39,37.00,54.00,NamaquaCabSav0916
2024-09-16 15:25:02,392,872,770,432,953,789,667,764,724,35.88,84027.44,37.00,54.00,NamaquaCabSav0916
2024-09-16 15:25:02,394,873,770,433,952,788,666,765,723,35.87,83496.64,37.00,54.00,NamaquaCabSav0916
2024-09-16 15:25:03,394,873,772,430,949,788,666,762,723,35.87,83368.38,37.00,54.00,NamaquaCabSav0916
2024-09-16 15:25:03,395,873,771,431,951,787,667,763,723,35.87,83296.10,37.00,54.00,NamaquaCabSav0916
2024-09-16 15:25:04,392,873,769,432,951,789,666,760,725,35.86,83345.49,37.00,54.00,NamaquaCabSav0916
2024-09-16 15:25:04,392,873,771,432,952,789,667,760,724,35.87,84613.85,37.00,54.00,NamaquaCabSav0916
2024-09-16 15:25:05,393,873,771,433,952,789,668,760,724,35.87,84778.83,37.00,54.00,NamaquaCabSav0916
2024-09-16 15:25:06,394,871,770,432,951,788,667,762,723,35.87,85390.42,37.00,54.00,NamaquaCabSav0916
2024-09-16 15:25:06,392,873,768,431,951,788,667,763,725,35.87,85910.06,37.00,54.00,NamaquaCabSav0916
2024-09-16 15:25:07,393,872,769,431,951,787,669,762,724,35.89,86403.47,37.00,54.00,NamaquaCabSav0916
2024-09-16 15:25:07,391,874,770,433,953,787,668,763,724,35.89,86491.05,37.00,54.00,NamaquaCabSav0916
2024-09-16 15:25:08,392,873,769,431,951,788,667,762,724,35.89,86548.14,37.00,54.00,NamaquaCabSav0916
2024-09-16 15:25:08,390,872,770,433,951,788,667,764,724,35.90,86586.64,37.00,54.00,NamaquaCabSav0916
2024-09-16 15:25:09,390,872,769,434,952,787,667,762,724,35.91,86876.74,37.00,54.00,NamaquaCabSav0916
2024-09-16 15:25:09,389,872,769,434,950,788,669,762,725,35.90,87017.41,37.00,54.00,NamaquaCabSav0916
2024-09-16 15:25:10,388,871,769,433,951,788,668,763,724,35.90,87148.33,37.00,54.00,NamaquaCabSav0916
2024-09-16 15:25:10,389,872,768,431,950,788,668,764,724,35.90,87575.31,37.00,54.00,NamaquaCabSav0916
2024-09-16 15:25:11,391,872,767,431,951,789,669,763,723,35.90,87784.01,37.00,54.00,NamaquaCabSav0916
2024-09-16 15:25:11,390,871,770,432,951,788,668,763,725,35.92,87765.42,37.00,54.00,NamaquaCabSav0916
2024-09-16 15:25:12,392,871,771,431,953,789,669,764,725,35.91,87789.46,37.00,54.00,NamaquaCabSav0916
2024-09-16 15:25:12,391,872,768,433,951,789,668,764,725,35.91,87707.65,37.00,54.00,NamaquaCabSav0916
2024-09-16 15:25:13,391,873,770,431,951,791,669,762,725,35.91,87682.83,37.00,54.00,NamaquaCabSav0916
2024-09-16 15:25:13,392,872,771,432,950,789,670,764,723,35.91,87725.16,37.00,54.00,NamaquaCabSav0916
2024-09-16 15:25:14,393,871,770,433,951,790,668,764,724,35.91,87684.61,37.00,54.00,NamaquaCabSav0916
2024-09-16 15:25:14,394,871,772,433,951,788,670,762,724,35.91,87680.07,37.00,54.00,NamaquaCabSav0916
2024-09-16 15:25:15,396,872,771,434,952,789,668,763,723,35.91,87544.77,37.00,54.00,NamaquaCabSav0916
2024-09-16 15:25:15,395,873,773,431,950,789,669,763,724,35.91,87378.17,37.00,54.00,NamaquaCabSav0916
2024-09-16 15:25:16,395,872,772,431,951,788,669,762,723,35.91,87353.03,37.00,54.00,NamaquaCabSav0916
2024-09-16 15:25:16,396,871,772,431,951,788,668,762,723,35.91,86714.44,37.00,54.00,NamaquaCabSav0916
2024-09-16 15:25:17,396,871,773,433,952,789,669,764,724,35.91,86856.84,37.00,54.00,NamaquaCabSav0916
2024-09-16 15:25:17,398,870,774,432,949,788,668,764,724,35.90,87333.93,37.00,54.00,NamaquaCabSav0916
2024-09-16 15:25:18,397,873,773,431,952,788,668,763,723,35.90,87420.94,37.00,54.00,NamaquaCabSav0916
2024-09-16 15:25:18,398,871,774,431,950,789,668,762,724,35.90,86687.85,37.00,54.00,NamaquaCabSav0916
2024-09-16 15:25:19,401,873,774,432,950,789,669,762,722,35.90,85663.89,37.00,54.00,NamaquaCabSav0916
2024-09-16 15:25:19,399,872,773,434,952,788,667,761,723,35.89,84816.66,37.00,54.00,NamaquaCabSav0916
2024-09-16 15:25:20,399,872,773,433,952,788,666,762,722,35.88,84124.55,37.00,54.00,NamaquaCabSav0916
2024-09-16 15:25:20,402,872,774,432,953,788,666,761,724,35.88,84010.17,37.00,54.00,NamaquaCabSav0916
2024-09-16 15:25:21,401,872,774,432,951,786,666,761,724,35.88,84948.42,37.00,54.00,NamaquaCabSav0916
2024-09-16 15:25:22,403,872,774,435,952,787,666,761,723,35.87,85341.71,37.00,54.00,NamaquaCabSav0916
2024-09-16 15:25:22,403,872,773,434,952,786,667,762,724,35.88,85245.32,37.00,54.00,NamaquaCabSav0916
2024-09-16 15:25:23,404,874,775,433,949,787,665,762,724,35.88,85128.52,37.00,54.00,NamaquaCabSav0916
2024-09-16 15:25:23,403,872,776,433,951,788,666,762,722,35.88,84898.17,37.00,54.00,NamaquaCabSav0916
2024-09-16 15:25:24,403,873,775,434,952,788,667,761,724,35.88,84688.82,37.00,54.00,NamaquaCabSav0916
2024-09-16 15:25:24,402,872,775,435,952,787,667,761,722,35.88,84628.55,37.00,54.00,NamaquaCabSav0916
2024-09-16 15:25:25,404,874,776,435,951,785,667,759,724,35.88,84760.05,37.00,54.00,NamaquaCabSav0916
2024-09-16 15:25:25,405,872,775,435,953,787,666,759,723,35.88,84621.60,37.00,54.00,NamaquaCabSav0916
2024-09-16 15:25:26,403,873,774,434,953,786,666,760,724,35.88,84530.75,37.00,54.00,NamaquaCabSav0916
2024-09-16 15:25:26,402,872,774,435,953,787,666,759,724,35.88,84255.27,37.00,54.00,NamaquaCabSav0916
2024-09-16 15:25:27,403,872,774,433,951,786,666,759,723,35.87,84000.57,37.00,54.00,NamaquaCabSav0916
2024-09-16 15:25:27,402,872,775,435,951,786,665,759,724,35.88,84014.89,37.00,54.00,NamaquaCabSav0916
2024-09-16 15:25:28,402,871,774,434,950,787,665,758,723,35.87,83884.67,37.00,54.00,NamaquaCabSav0916
2024-09-16 15:25:28,402,872,775,435,951,787,667,757,724,35.88,83692.30,37.00,54.00,NamaquaCabSav0916
2024-09-16 15:25:29,402,871,775,435,952,786,666,756,724,35.87,83650.60,37.00,54.00,NamaquaCabSav0916
2024-09-16 15:25:29,404,872,774,435,952,787,665,755,725,35.87,83631.56,37.00,54.00,NamaquaCabSav0916
2024-09-16 15:25:30,402,871,774,434,952,786,665,756,725,35.88,83762.47,37.00,54.00,NamaquaCabSav0916
2024-09-16 15:25:30,403,872,773,435,950,786,665,756,725,35.88,83656.71,37.00,54.00,NamaquaCabSav0916
2024-09-16 15:25:31,404,874,775,433,951,787,666,754,724,35.87,83813.61,37.00,54.00,NamaquaCabSav0916
2024-09-16 15:25:31,402,871,775,434,952,785,664,755,725,35.87,83942.96,37.00,54.00,NamaquaCabSav0916
2024-09-16 15:25:32,402,873,775,433,950,785,665,755,725,35.87,83654.42,37.00,54.00,NamaquaCabSav0916
2024-09-16 15:25:32,403,873,775,436,951,786,666,754,724,35.88,83251.27,37.00,54.00,NamaquaCabSav0916
2024-09-16 15:25:33,403,874,773,433,952,786,664,753,724,35.87,83015.66,37.00,54.00,NamaquaCabSav0916
2024-09-16 15:25:34,402,871,772,432,950,785,665,752,724,35.87,82965.25,37.00,54.00,NamaquaCabSav0916
2024-09-16 15:25:34,403,872,772,432,951,787,664,750,724,35.87,82952.67,37.00,54.00,NamaquaCabSav0916
2024-09-16 15:25:35,403,874,774,434,952,785,665,749,725,35.87,82896.85,37.00,54.00,NamaquaCabSav0916
2024-09-16 15:25:35,403,872,771,433,952,785,665,749,724,35.88,82867.69,37.00,54.00,NamaquaCabSav0916
2024-09-16 15:25:36,399,870,773,432,950,785,666,746,723,35.88,83861.61,37.00,54.00,NamaquaCabSav0916
2024-09-16 15:25:36,399,871,772,434,951,784,664,747,725,35.88,85071.03,37.00,54.00,NamaquaCabSav0916
2024-09-16 15:25:37,398,873,770,432,952,785,664,750,724,35.89,85439.72,37.00,54.00,NamaquaCabSav0916
2024-09-16 15:25:37,397,871,772,432,951,785,666,751,725,35.90,85986.71,37.00,54.00,NamaquaCabSav0916
2024-09-16 15:25:38,400,872,771,433,951,785,666,750,724,35.90,86156.20,37.00,54.00,NamaquaCabSav0916
2024-09-16 15:25:38,397,872,769,432,951,786,668,751,725,35.90,86468.41,37.00,54.00,NamaquaCabSav0916
2024-09-16 15:25:39,399,870,768,431,950,786,667,751,724,35.91,86528.05,37.00,54.00,NamaquaCabSav0916
2024-09-16 15:25:39,398,873,770,431,951,785,666,751,724,35.92,86591.85,37.00,54.00,NamaquaCabSav0916
2024-09-16 15:25:40,399,873,770,430,950,785,666,750,726,35.92,86690.42,37.00,54.00,NamaquaCabSav0916
2024-09-16 15:25:40,397,870,769,431,951,786,666,751,724,35.92,86763.14,37.00,54.00,NamaquaCabSav0916
2024-09-16 15:25:41,396,871,767,430,951,785,667,752,723,35.93,86788.53,37.00,54.00,NamaquaCabSav0916
2024-09-16 15:25:41,394,870,767,429,953,785,667,750,724,35.93,86802.33,37.00,54.00,NamaquaCabSav0916
2024-09-16 15:25:42,396,872,769,429,952,784,669,752,723,35.93,86793.92,37.00,54.00,NamaquaCabSav0916
2024-09-16 15:25:42,397,871,767,431,951,785,669,751,724,35.93,86811.57,37.00,54.00,NamaquaCabSav0916
2024-09-16 15:25:43,395,869,768,431,952,784,668,751,725,35.93,86863.82,37.00,54.00,NamaquaCabSav0916
2024-09-16 15:25:43,395,872,770,429,952,785,669,750,724,35.92,87056.35,37.00,54.00,NamaquaCabSav0916
2024-09-16 15:25:44,397,870,767,432,951,786,669,751,724,35.92,87009.92,37.00,54.00,NamaquaCabSav0916
2024-09-16 15:25:44,395,870,769,429,952,786,667,751,725,35.93,87125.82,37.00,54.00,NamaquaCabSav0916
2024-09-16 15:25:45,394,872,770,429,952,785,669,751,725,35.93,87138.92,37.00,54.00,NamaquaCabSav0916
2024-09-16 15:25:45,394,871,767,429,951,785,669,751,725,35.93,87087.57,37.00,54.00,NamaquaCabSav0916
2024-09-16 15:25:46,396,870,768,430,950,785,668,752,724,35.93,86951.05,37.00,55.00,NamaquaCabSav0916
2024-09-16 15:25:46,395,870,768,430,953,784,670,750,725,35.93,86711.12,37.00,55.00,NamaquaCabSav0916
2024-09-16 15:25:47,397,870,767,431,951,785,670,751,724,35.92,86737.28,37.00,55.00,NamaquaCabSav0916
2024-09-16 15:25:48,394,871,770,432,952,786,668,750,725,35.93,86630.03,37.00,55.00,NamaquaCabSav0916
2024-09-16 15:25:48,395,870,770,430,951,785,668,752,725,35.93,86703.38,37.00,55.00,NamaquaCabSav0916
2024-09-16 15:25:49,394,870,767,429,951,785,668,751,725,35.92,86632.24,37.00,55.00,NamaquaCabSav0916
2024-09-16 15:25:49,393,871,769,431,951,785,668,751,725,35.92,86470.81,37.00,55.00,NamaquaCabSav0916
2024-09-16 15:25:50,393,871,769,431,951,785,667,752,724,35.92,86308.14,37.00,55.00,NamaquaCabSav0916
2024-09-16 15:25:50,393,869,769,432,952,784,670,751,725,35.92,86266.72,37.00,55.00,NamaquaCabSav0916
2024-09-16 15:25:51,394,871,768,430,951,784,667,750,725,35.92,86167.99,37.00,55.00,NamaquaCabSav0916
2024-09-16 15:25:51,395,869,768,432,951,784,667,751,725,35.92,86237.54,37.00,55.00,NamaquaCabSav0916
2024-09-16 15:25:52,394,871,769,432,953,784,668,750,724,35.92,85953.13,37.00,55.00,NamaquaCabSav0916
2024-09-16 15:25:52,393,871,767,432,952,785,669,751,724,35.92,85633.75,37.00,55.00,NamaquaCabSav0916
2024-09-16 15:25:53,394,870,769,430,952,784,668,750,724,35.91,84745.32,37.00,55.00,NamaquaCabSav0916
2024-09-16 15:25:53,392,870,770,432,952,786,668,750,723,35.91,84126.36,37.00,55.00,NamaquaCabSav0916
2024-09-16 15:25:54,393,869,769,432,951,785,668,748,723,35.91,83635.82,37.00,55.00,NamaquaCabSav0916
2024-09-16 15:25:54,395,869,769,431,952,784,666,748,725,35.90,83563.21,37.00,55.00,NamaquaCabSav0916
2024-09-16 15:25:55,396,870,769,432,951,784,666,748,725,35.91,84824.90,37.00,55.00,NamaquaCabSav0916
2024-09-16 15:25:55,395,870,770,432,950,784,667,747,724,35.90,85251.72,37.00,55.00,NamaquaCabSav0916
2024-09-16 15:25:56,394,872,769,433,952,784,667,749,723,35.91,85574.16,37.00,55.00,NamaquaCabSav0916
2024-09-16 15:25:56,397,869,767,432,952,784,666,749,725,35.91,85566.12,37.00,55.00,NamaquaCabSav0916
2024-09-16 15:25:57,394,870,769,431,952,784,667,748,724,35.91,85578.21,37.00,55.00,NamaquaCabSav0916
2024-09-16 15:25:57,397,870,767,431,952,783,667,750,724,35.92,85321.83,37.00,55.00,NamaquaCabSav0916
2024-09-16 15:25:58,396,870,769,429,950,785,666,750,723,35.91,85123.76,37.00,55.00,NamaquaCabSav0916
2024-09-16 15:25:58,396,868,768,431,953,785,668,748,723,35.92,85023.71,37.00,55.00,NamaquaCabSav0916
2024-09-16 15:25:59,396,868,769,432,950,785,667,747,725,35.92,84794.94,37.00,55.00,NamaquaCabSav0916
2024-09-16 15:25:59,396,871,769,430,952,782,666,748,723,35.92,84750.24,37.00,55.00,NamaquaCabSav0916
2024-09-16 15:26:00,395,869,769,430,952,783,667,747,723,35.91,84533.33,37.00,55.00,NamaquaCabSav0916
2024-09-16 15:26:00,394,869,770,432,952,783,668,747,726,35.91,84575.22,37.00,54.00,NamaquaCabSav0916
2024-09-16 15:26:01,396,869,767,431,951,783,666,748,725,35.91,84419.51,37.00,54.00,NamaquaCabSav0916
2024-09-16 15:26:02,397,870,769,431,951,783,668,747,724,35.91,84360.13,37.00,54.00,NamaquaCabSav0916
2024-09-16 15:26:02,397,870,768,432,951,784,667,745,725,35.91,84329.23,37.00,54.00,NamaquaCabSav0916
2024-09-16 15:26:03,398,869,771,434,953,783,666,747,725,35.91,84259.39,37.00,54.00,NamaquaCabSav0916
2024-09-16 15:26:03,398,870,769,431,952,784,666,745,724,35.91,84076.96,37.00,54.00,NamaquaCabSav0916
2024-09-16 15:26:04,399,869,770,432,952,781,667,744,724,35.91,83869.91,37.00,54.00,NamaquaCabSav0916
2024-09-16 15:26:04,402,868,771,431,951,784,667,744,724,35.91,83469.14,37.00,54.00,NamaquaCabSav0916
2024-09-16 15:26:05,402,869,771,432,951,784,665,743,724,35.91,83069.12,37.00,54.00,NamaquaCabSav0916
2024-09-16 15:26:05,405,870,773,432,952,781,667,743,723,35.91,82994.60,37.00,54.00,NamaquaCabSav0916
2024-09-16 15:26:06,407,870,773,432,952,783,667,742,724,35.90,83126.00,37.00,54.00,NamaquaCabSav0916
2024-09-16 15:26:06,407,869,773,430,951,782,666,741,724,35.91,84625.00,37.00,54.00,NamaquaCabSav0916
2024-09-16 15:26:08,413,868,777,431,952,777,666,745,723,35.93,86177.48,37.00,55.00,NamaquaCabSav0916
2024-09-16 15:26:09,416,870,777,433,951,776,665,745,725,35.93,86100.30,37.00,55.00,NamaquaCabSav0916
2024-09-16 15:26:09,416,869,778,433,951,777,666,744,724,35.94,86052.05,37.00,55.00,NamaquaCabSav0916
2024-09-16 15:26:10,418,870,777,432,952,777,665,745,725,35.93,86075.28,37.00,55.00,NamaquaCabSav0916
2024-09-16 15:26:10,419,871,779,431,949,777,666,745,724,35.93,86047.35,37.00,55.00,NamaquaCabSav0916
2024-09-16 15:26:11,417,869,779,432,952,777,665,746,723,35.92,85896.58,37.00,55.00,NamaquaCabSav0916
2024-09-16 15:26:11,418,869,779,431,951,779,666,745,723,35.93,85557.17,37.00,55.00,NamaquaCabSav0916
2024-09-16 15:26:12,420,870,778,430,951,777,665,745,724,35.92,84993.17,37.00,55.00,NamaquaCabSav0916
2024-09-16 15:26:12,422,870,780,430,951,777,666,744,724,35.92,84015.36,37.00,55.00,NamaquaCabSav0916
2024-09-16 15:26:13,423,871,779,433,951,776,666,742,725,35.92,83569.35,37.00,55.00,NamaquaCabSav0916
2024-09-16 15:26:13,424,871,778,431,951,777,665,741,723,35.91,83415.38,37.00,55.00,NamaquaCabSav0916
2024-09-16 15:26:14,425,869,780,433,951,776,665,740,723,35.91,83433.01,37.00,55.00,NamaquaCabSav0916
2024-09-16 15:26:14,425,870,779,431,952,775,665,740,723,35.91,84524.77,37.00,55.00,NamaquaCabSav0916
2024-09-16 15:26:15,425,870,780,433,951,775,665,742,724,35.91,84535.10,37.00,55.00,NamaquaCabSav0916
2024-09-16 15:26:16,426,869,782,431,954,775,666,741,723,35.91,84627.49,37.00,55.00,NamaquaCabSav0916
2024-09-16 15:26:16,428,871,780,432,951,775,666,741,724,35.92,84873.19,37.00,55.00,NamaquaCabSav0916
2024-09-16 15:26:17,428,871,781,431,951,775,664,743,724,35.92,85292.14,37.00,55.00,NamaquaCabSav0916
2024-09-16 15:26:17,427,869,780,432,952,777,667,743,725,35.92,85409.53,37.00,54.00,NamaquaCabSav0916
2024-09-16 15:26:18,429,869,782,430,952,775,666,741,725,35.92,85711.37,37.00,54.00,NamaquaCabSav0916
2024-09-16 15:26:18,430,871,780,432,953,776,666,742,725,35.93,85719.96,37.00,54.00,NamaquaCabSav0916
2024-09-16 15:26:19,431,871,780,431,951,775,666,743,725,35.94,85838.61,37.00,54.00,NamaquaCabSav0916
2024-09-16 15:26:19,429,870,783,431,951,775,667,744,724,35.93,86004.01,37.00,54.00,NamaquaCabSav0916
2024-09-16 15:26:20,430,869,782,433,952,776,665,743,725,35.93,85730.82,37.00,54.00,NamaquaCabSav0916
2024-09-16 15:26:20,431,870,780,432,952,775,666,744,724,35.93,85818.83,37.00,54.00,NamaquaCabSav0916
2024-09-16 15:26:21,430,869,781,433,953,775,665,742,725,35.93,85703.21,37.00,54.00,NamaquaCabSav0916
2024-09-16 15:26:21,432,870,780,430,949,774,666,741,725,35.93,85544.75,37.00,54.00,NamaquaCabSav0916
2024-09-16 15:26:22,433,871,780,431,953,776,665,743,723,35.93,85388.92,37.00,54.00,NamaquaCabSav0916
2024-09-16 15:26:22,433,870,780,431,951,776,665,742,723,35.93,85053.08,37.00,54.00,NamaquaCabSav0916
2024-09-16 15:26:23,432,868,781,433,950,774,664,741,723,35.93,84363.35,37.00,54.00,NamaquaCabSav0916
2024-09-16 15:26:23,432,868,780,433,952,776,664,741,723,35.92,83676.52,37.00,54.00,NamaquaCabSav0916
2024-09-16 15:26:24,434,870,781,431,952,774,665,740,725,35.92,83305.07,37.00,54.00,NamaquaCabSav0916
2024-09-16 15:26:24,432,869,780,432,953,774,664,738,724,35.92,83237.20,37.00,55.00,NamaquaCabSav0916
2024-09-16 15:26:25,431,869,781,433,950,775,665,736,724,35.92,83352.57,37.00,55.00,NamaquaCabSav0916
2024-09-16 15:26:25,432,870,782,433,949,774,665,739,725,35.91,84851.64,37.00,55.00,NamaquaCabSav0916
2024-09-16 15:26:26,432,871,779,433,951,774,665,739,723,35.92,85265.43,37.00,55.00,NamaquaCabSav0916
2024-09-16 15:26:27,433,869,780,431,952,774,665,739,723,35.92,85564.99,37.00,55.00,NamaquaCabSav0916
2024-09-16 15:26:27,433,870,780,431,952,774,667,740,725,35.93,85930.28,37.00,55.00,NamaquaCabSav0916
2024-09-16 15:26:28,432,870,781,431,951,775,665,742,725,35.93,86144.85,37.00,55.00,NamaquaCabSav0916
2024-09-16 15:26:28,433,870,780,430,951,775,665,740,725,35.94,86256.14,37.00,54.00,NamaquaCabSav0916
2024-09-16 15:26:29,432,869,779,431,951,774,665,740,725,35.94,86444.91,37.00,749,NamaquaCabSav0916
2024-09-16 15:26:29,433,869,781,430,951,770,663,749,723,35.91,85827.78,37.00,54.00,NamaquaCabSav0916
2024-09-16 15:26:30,432,870,781,431,951,770,664,749,725,35.90,85749.35,37.00,54.00,NamaquaCabSav0916
2024-09-16 15:26:30,429,869,778,429,952,768,662,747,722,35.90,85787.60,37.00,54.00,NamaquaCabSav0916
2024-09-16 15:26:31,429,869,778,429,951,768,662,749,723,35.91,85584.11,37.00,54.00,NamaquaCabSav0916
2024-09-16 15:26:31,432,870,778,429,950,768,662,749,724,35.91,85623.43,37.00,54.00,NamaquaCabSav0916
2024-09-16 15:26:32,429,871,778,429,952,769,662,749,724,35.91,85224.16,37.00,54.00,NamaquaCabSav0916
2024-09-16 15:26:32,430,869,778,430,951,769,662,747,724,35.91,85147.13,37.00,54.00,NamaquaCabSav0916
2024-09-16 15:26:33,428,869,780,429,950,767,662,748,724,35.91,84860.90,37.00,54.00,NamaquaCabSav0916
2024-09-16 15:26:33,430,870,777,429,952,767,663,747,724,35.90,84880.46,37.00,54.00,NamaquaCabSav0916
2024-09-16 15:26:34,429,870,776,432,951,768,664,747,723,35.90,85008.47,37.00,54.00,NamaquaCabSav0916
2024-09-16 15:26:34,428,870,777,432,950,767,662,747,723,35.90,84941.55,37.00,54.00,NamaquaCabSav0916
2024-09-16 15:26:35,428,868,776,430,949,767,664,747,724,35.90,85149.52,37.00,54.00,NamaquaCabSav0916
2024-09-16 15:26:35,428,870,776,429,950,767,663,748,723,35.91,85358.99,37.00,54.00,NamaquaCabSav0916
2024-09-16 15:26:36,427,868,779,429,953,767,662,749,724,35.91,85321.07,37.00,54.00,NamaquaCabSav0916
2024-09-16 15:26:36,426,868,777,429,952,768,664,748,724,35.91,84622.03,37.00,54.00,NamaquaCabSav0916
2024-09-16 15:26:37,427,870,777,430,950,768,664,746,723,35.90,83784.53,37.00,53.00,NamaquaCabSav0916
2024-09-16 15:26:37,427,871,777,431,951,768,663,744,723,35.89,83446.22,37.00,53.00,NamaquaCabSav0916
2024-09-16 15:26:38,427,869,775,431,950,768,662,744,723,35.89,84064.35,37.00,53.00,NamaquaCabSav0916
2024-09-16 15:26:39,426,870,777,430,950,768,664,745,723,35.90,86245.25,37.00,53.00,NamaquaCabSav0916
2024-09-16 15:26:39,426,868,777,429,952,767,663,747,724,35.90,87186.08,37.00,53.00,NamaquaCabSav0916
2024-09-16 15:26:40,426,870,775,430,951,768,663,747,724,35.91,87522.05,37.00,53.00,NamaquaCabSav0916
2024-09-16 15:26:40,428,868,776,429,953,768,664,746,723,35.92,87783.89,37.00,53.00,NamaquaCabSav0916
2024-09-16 15:26:41,427,868,776,429,951,766,665,747,724,35.93,87876.19,37.00,53.00,NamaquaCabSav0916
2024-09-16 15:26:41,426,869,775,430,951,768,665,749,724,35.94,87966.46,37.00,53.00,NamaquaCabSav0916
2024-09-16 15:26:42,425,869,778,428,951,766,665,747,725,35.94,88140.96,37.00,53.00,NamaquaCabSav0916
2024-09-16 15:26:42,425,869,777,428,951,768,664,749,724,35.94,88334.49,37.00,53.00,NamaquaCabSav0916
2024-09-16 15:26:43,425,868,777,430,951,766,665,748,723,35.94,88356.75,37.00,53.00,NamaquaCabSav0916
2024-09-16 15:26:43,425,868,777,430,951,768,665,749,724,35.94,88299.92,37.00,53.00,NamaquaCabSav0916
2024-09-16 15:26:44,427,869,777,431,951,766,665,748,724,35.94,88411.66,37.00,53.00,NamaquaCabSav0916
2024-09-16 15:26:44,426,869,775,430,950,766,665,750,722,35.94,88312.97,37.00,54.00,NamaquaCabSav0916
2024-09-16 15:26:45,426,867,778,428,952,768,664,750,722,35.94,88239.96,37.00,54.00,NamaquaCabSav0916
2024-09-16 15:26:45,426,869,776,428,950,767,665,750,722,35.94,88146.57,37.00,54.00,NamaquaCabSav0916
2024-09-16 15:26:46,425,868,777,430,951,768,667,750,722,35.94,88151.46,37.00,54.00,NamaquaCabSav0916
2024-09-16 15:26:46,426,870,776,430,951,766,666,750,724,35.93,88137.69,37.00,54.00,NamaquaCabSav0916
2024-09-16 15:26:47,424,868,777,431,951,769,664,751,722,35.93,88096.67,37.00,54.00,NamaquaCabSav0916
2024-09-16 15:26:47,424,868,777,430,951,767,666,750,722,35.93,88269.03,37.00,54.00,NamaquaCabSav0916
2024-09-16 15:26:48,426,870,775,428,950,766,665,751,722,35.93,88208.53,37.00,54.00,NamaquaCabSav0916
2024-09-16 15:26:48,425,869,775,431,951,768,665,750,724,35.93,88115.14,37.00,54.00,NamaquaCabSav0916
2024-09-16 15:26:49,425,870,774,429,951,768,664,751,723,35.93,87986.67,37.00,54.00,NamaquaCabSav0916
2024-09-16 15:26:49,423,868,775,430,951,768,664,752,723,35.92,87767.40,37.00,54.00,NamaquaCabSav0916
2024-09-16 15:26:50,423,868,774,428,951,767,666,751,722,35.93,87573.43,37.00,54.00,NamaquaCabSav0916
2024-09-16 15:26:50,423,869,775,430,951,768,665,751,723,35.92,87311.55,37.00,54.00,NamaquaCabSav0916
2024-09-16 15:26:51,423,868,775,431,951,759,664,751,724,35.89,86771.30,37.00,53.00,NamaquaCabSav0916
2024-09-16 15:26:52,424,868,775,429,951,760,662,753,723,35.89,86844.16,37.00,53.00,NamaquaCabSav0916
2024-09-16 15:26:52,421,870,774,431,952,761,664,751,724,35.90,86928.44,37.00,53.00,NamaquaCabSav0916
2024-09-16 15:26:53,424,868,774,432,952,761,664,753,724,35.90,86962.03,37.00,53.00,NamaquaCabSav0916
2024-09-16 15:26:54,421,867,774,431,951,760,663,753,723,35.90,87150.05,37.00,53.00,NamaquaCabSav0916
2024-09-16 15:26:54,422,867,776,430,950,760,663,752,722,35.90,87205.25,37.00,53.00,NamaquaCabSav0916
2024-09-16 15:26:55,423,868,775,430,951,761,664,751,723,35.90,87223.30,37.00,53.00,NamaquaCabSav0916
2024-09-16 15:26:55,423,870,777,432,953,761,663,752,724,35.91,87242.55,37.00,53.00,NamaquaCabSav0916
2024-09-16 15:26:56,425,868,778,431,951,759,665,752,723,35.91,87220.71,37.00,53.00,NamaquaCabSav0916
2024-09-16 15:26:56,425,867,778,431,951,759,665,753,724,35.91,87184.38,37.00,53.00,NamaquaCabSav0916
2024-09-16 15:26:57,425,868,777,429,950,759,664,753,724,35.91,87398.50,37.00,53.00,NamaquaCabSav0916
2024-09-16 15:26:57,429,870,779,430,952,760,664,752,723,35.91,87570.29,37.00,53.00,NamaquaCabSav0916
2024-09-16 15:26:58,428,868,777,431,951,759,665,753,722,35.91,87646.85,37.00,53.00,NamaquaCabSav0916
2024-09-16 15:26:58,428,868,779,432,953,760,665,752,723,35.91,87576.41,37.00,53.00,NamaquaCabSav0916
2024-09-16 15:26:59,430,867,780,430,953,760,664,753,724,35.91,87615.53,37.00,53.00,NamaquaCabSav0916
2024-09-16 15:26:59,430,867,780,431,952,760,665,754,723,35.91,87613.44,37.00,53.00,NamaquaCabSav0916
2024-09-16 15:27:00,431,868,780,431,951,760,664,753,725,35.91,87625.12,37.00,53.00,NamaquaCabSav0916
2024-09-16 15:27:00,433,869,778,432,951,759,665,753,723,35.90,87747.30,37.00,53.00,NamaquaCabSav0916
2024-09-16 15:27:01,431,870,781,431,950,759,664,754,723,35.90,87814.96,37.00,53.00,NamaquaCabSav0916
2024-09-16 15:27:01,433,867,782,430,952,760,665,753,724,35.90,87683.64,37.00,53.00,NamaquaCabSav0916
2024-09-16 15:27:02,435,869,782,431,951,761,665,755,723,35.90,86877.11,37.00,53.00,NamaquaCabSav0916
2024-09-16 15:27:02,434,868,781,431,951,759,663,752,722,35.90,85878.58,37.00,53.00,NamaquaCabSav0916
2024-09-16 15:27:03,435,868,779,433,952,760,663,753,722,35.90,84691.14,37.00,53.00,NamaquaCabSav0916
2024-09-16 15:27:03,436,868,782,431,950,758,662,752,722,35.89,84133.10,37.00,54.00,NamaquaCabSav0916
2024-09-16 15:27:04,438,869,781,431,951,758,662,750,722,35.88,83847.51,37.00,54.00,NamaquaCabSav0916
2024-09-16 15:27:04,435,868,780,430,950,759,664,751,723,35.88,83787.25,37.00,54.00,NamaquaCabSav0916
2024-09-16 15:27:05,436,868,782,433,952,758,662,750,722,35.88,84263.82,37.00,54.00,NamaquaCabSav0916
2024-09-16 15:27:05,438,869,783,431,951,758,662,752,723,35.88,85243.93,37.00,54.00,NamaquaCabSav0916
2024-09-16 15:27:06,436,870,781,430,9513,758,663,751,724,35.88,85647.21,37.00,54.00,NamaquaCabSav0916
2024-09-16 15:27:07,428,865,773,431,951,758,664,751,722,35.88,85754.64,37.00,54.00,NamaquaCabSav0916
2024-09-16 15:27:07,426,866,773,431,952,758,664,753,725,35.89,85972.66,37.00,53.00,NamaquaCabSav0916
2024-09-16 15:27:08,428,866,772,431,952,760,662,753,723,35.89,85947.53,37.00,53.00,NamaquaCabSav0916
2024-09-16 15:27:08,428,864,773,430,951,758,664,752,722,35.89,85818.99,37.00,53.00,NamaquaCabSav0916
2024-09-16 15:27:09,428,864,773,430,951,757,663,751,724,35.90,85798.91,37.00,53.00,NamaquaCabSav0916
2024-09-16 15:27:09,428,866,775,431,951,759,664,752,723,35.90,85743.37,37.00,53.00,NamaquaCabSav0916
2024-09-16 15:27:10,426,865,774,429,951,759,664,750,722,35.90,85792.29,37.00,53.00,NamaquaCabSav0916
2024-09-16 15:27:10,426,863,773,429,951,759,664,751,724,35.90,85717.51,37.00,53.00,NamaquaCabSav0916
2024-09-16 15:27:11,426,865,772,429,952,759,664,752,723,35.89,85582.99,37.00,53.00,NamaquaCabSav0916
2024-09-16 15:27:11,425,865,772,430,951,759,664,751,724,35.89,85287.31,37.00,53.00,NamaquaCabSav0916
2024-09-16 15:27:12,426,864,772,427,950,758,663,751,724,35.88,85004.88,37.00,53.00,NamaquaCabSav0916
2024-09-16 15:27:12,426,864,771,429,953,757,663,750,723,35.88,84652.50,37.00,53.00,NamaquaCabSav0916
2024-09-16 15:27:13,424,866,772,428,951,757,664,749,723,35.88,84110.23,37.00,53.00,NamaquaCabSav0916
2024-09-16 15:27:13,425,864,771,430,951,758,664,749,724,35.88,83486.71,37.00,53.00,NamaquaCabSav0916
2024-09-16 15:27:14,424,866,773,429,951,758,662,747,723,35.88,83346.39A0,663,752,NamaquaCabSav0916
2024-09-16 15:27:15,424,865,771,431,952,753,663,752,721,35.88,84443.13,37.00,54.00,NamaquaCabSav0916
2024-09-16 15:27:15,424,866,773,430,950,753,662,753,721,35.88,85831.83,37.00,54.00,NamaquaCabSav0916
2024-09-16 15:27:16,425,863,773,430,950,751,662,753,722,35.88,86055.28,37.00,54.00,NamaquaCabSav0916
2024-09-16 15:27:16,424,866,771,430,951,751,663,753,722,35.88,86141.21,37.00,54.00,NamaquaCabSav0916
2024-09-16 15:27:17,427,864,773,429,951,751,662,753,721,35.89,86068.77,37.00,53.00,NamaquaCabSav0916
2024-09-16 15:27:17,426,863,773,427,951,752,661,752,722,35.89,85823.53,37.00,53.00,NamaquaCabSav0916
2024-09-16 15:27:18,425,863,774,429,951,752,663,752,721,35.90,85783.02,37.00,53.00,NamaquaCabSav0916
2024-09-16 15:27:18,427,863,774,429,951,750,661,753,723,35.90,86052.57,37.00,53.00,NamaquaCabSav0916
2024-09-16 15:27:19,427,864,773,431,951,752,662,752,722,35.89,86072.07,37.00,53.00,NamaquaCabSav0916
2024-09-16 15:27:19,427,865,775,430,951,751,663,752,723,35.89,86144.25,37.00,53.00,NamaquaCabSav0916
2024-09-16 15:27:20,428,865,774,431,952,750,661,752,722,35.89,85873.66,37.00,53.00,NamaquaCabSav0916
2024-09-16 15:27:21,428,865,774,431,952,752,662,752,723,35.89,85614.40,37.00,53.00,NamaquaCabSav0916
2024-09-16 15:27:21,427,865,775,431,952,750,663,752,724,35.89,85403.77,37.00,53.00,NamaquaCabSav0916
2024-09-16 15:27:22,429,864,774,431,952,751,663,752,721,35.88,85085.74,37.00,53.00,NamaquaCabSav0916
2024-09-16 15:27:22,428,865,774,433,951,752,662,752,722,35.88,84214.60,37.00,53.00,NamaquaCabSav0916
2024-09-16 15:27:23,427,866,774,433,951,749,661,751,723,35.88,83584.63,37.00,53.00,NamaquaCabSav0916
2024-09-16 15:27:23,428,864,775,430,952,749,660,751,723,35.88,83371.33,37.00,53.00,NamaquaCabSav0916
2024-09-16 15:27:24,428,867,773,432,949,751,662,749,722,35.87,83349.85,37.00,53.00,NamaquaCabSav0916
2024-09-16 15:27:24,428,866,775,433,952,750,661,749,722,35.86,83555.96,37.00,53.00,NamaquaCabSav0916
2024-09-16 15:27:25,428,865,774,431,951,749,661,750,724,35.87,85970.46,37.00,53.00,NamaquaCabSav0916
2024-09-16 15:27:25,427,866,774,431,952,748,662,750,722,35.88,86468.23,37.00,53.00,NamaquaCabSav0916
2024-09-16 15:27:26,427,866,774,431,952,751,662,750,724,35.89,86746.61,37.00,53.00,NamaquaCabSav0916
2024-09-16 15:27:26,427,865,774,431,950,748,664,750,724,35.89,87073.46,37.00,53.00,NamaquaCabSav0916
2024-09-16 15:27:27,428,866,775,433,951,748,664,751,723,35.90,87282.00,37.00,53.00,NamaquaCabSav0916
2024-09-16 15:27:27,428,866,775,431,951,748,664,752,723,35.91,87724.08,37.00,53.00,NamaquaCabSav0916
2024-09-16 15:27:28,427,864,773,430,951,749,663,753,722,35.91,87889.45,37.00,53.00,NamaquaCabSav0916
2024-09-16 15:27:28,426,865,773,430,952,750,665,752,723,35.91,87852.39,37.00,53.00,NamaquaCabSav0916
2024-09-16 15:27:29,426,864,772,431,954,751,663,752,724,35.91,87762.19,37.00,53.00,NamaquaCabSav0916
2024-09-16 15:27:29,426,864,772,430,951,748,663,753,721,35.90,87667.07,37.00,53.00,NamaquaCabSav0916
2024-09-16 15:27:30,425,863,773,431,951,748,664,753,722,35.91,87828.96,37.00,53.00,NamaquaCabSav0916
2024-09-16 15:27:30,427,863,773,430,951,750,664,753,722,35.91,87791.56,37.00,53.00,NamaquaCabSav0916
2024-09-16 15:27:31,424,864,770,429,950,748,666,753,721,35.91,87576.73,37.00,53.00,NamaquaCabSav0916
2024-09-16 15:27:31,427,865,771,432,951,748,664,753,722,35.91,87583.99,37.00,53.00,NamaquaCabSav0916
2024-09-16 15:27:32,425,863,772,429,951,750,664,754,721,35.90,87644.82,37.00,53.00,NamaquaCabSav0916
2024-09-16 15:27:32,425,865,772,430,951,748,664,752,723,35.90,87717.76,37.00,53.00,NamaquaCabSav0916
2024-09-16 15:27:33,424,865,770,432,952,748,664,752,723,35.89,87695.48,37.00,53.00,NamaquaCabSav0916
2024-09-16 15:27:34,425,867,771,431,953,749,664,753,723,35.90,87647.82,37.00,53.00,NamaquaCabSav0916
2024-09-16 15:27:34,423,864,771,432,951,748,664,753,723,35.90,87615.97,37.00,53.00,NamaquaCabSav0916
2024-09-16 15:27:35,424,866,769,430,951,748,664,754,723,35.90,87640.97,37.00,53.00,NamaquaCabSav0916
2024-09-16 15:27:35,422,865,771,431,951,749,664,752,723,35.89,87765.92,37.00,53.00,NamaquaCabSav0916
2024-09-16 15:27:37,420,864,770,430,951,739,664,742,722,35.86,83342.17,37.00,54.00,NamaquaCabSav0916
2024-09-16 15:27:37,421,866,770,429,952,738,663,740,723,35.86,83155.96,37.00,54.00,NamaquaCabSav0916
2024-09-16 15:27:38,421,864,769,427,951,737,663,741,724,35.86,83019.83,37.00,54.00,NamaquaCabSav0916
2024-09-16 15:27:38,420,863,770,427,951,738,663,739,724,35.86,82996.30,37.00,54.00,NamaquaCabSav0916
2024-09-16 15:27:39,418,865,769,427,951,736,663,738,723,35.86,82955.10,37.00,54.00,NamaquaCabSav0916
2024-09-16 15:27:39,416,862,766,428,953,737,663,736,724,35.86,83667.85,37.00,54.00,NamaquaCabSav0916
2024-09-16 15:27:40,416,863,70,861,770,737,663,738,723,35.87,85243.16,37.00,53.00,NamaquaCabSav0916
2024-09-16 15:27:40,430,861,770,425,951,739,665,739,723,35.87,85905.64,37.00,53.00,NamaquaCabSav0916
2024-09-16 15:27:41,427,860,771,426,951,738,666,741,723,35.88,86581.42,37.00,53.00,NamaquaCabSav0916
2024-09-16 15:27:41,429,860,768,427,953,738,666,740,724,35.89,86705.72,37.00,53.00,NamaquaCabSav0916
2024-09-16 15:27:42,429,861,768,426,951,736,665,740,724,35.89,87127.58,37.00,53.00,NamaquaCabSav0916
2024-09-16 15:27:42,426,860,768,427,951,737,666,741,723,35.90,87152.47,37.00,53.00,NamaquaCabSav0916
2024-09-16 15:27:43,426,860,768,426,950,736,665,742,725,35.90,87208.45,37.00,53.00,NamaquaCabSav0916
2024-09-16 15:27:43,427,861,768,426,950,736,666,743,723,35.90,87276.61,37.00,54.00,NamaquaCabSav0916
2024-09-16 15:27:44,426,861,769,427,951,738,666,742,723,35.90,87191.32,37.00,54.00,NamaquaCabSav0916
2024-09-16 15:27:44,426,859,768,426,952,738,667,740,723,35.90,87038.03,37.00,54.00,NamaquaCabSav0916
2024-09-16 15:27:45,424,860,766,426,952,738,667,740,723,35.91,86982.50,37.00,54.00,NamaquaCabSav0916
2024-09-16 15:27:46,426,861,766,428,952,736,665,741,724,35.91,86919.07,37.00,54.00,NamaquaCabSav0916
2024-09-16 15:27:46,424,861,768,426,952,736,665,742,723,35.91,87089.51,37.00,54.00,NamaquaCabSav0916
2024-09-16 15:27:47,426,860,766,428,951,737,666,743,724,35.92,87204.75,37.00,54.00,NamaquaCabSav0916
2024-09-16 15:27:47,423,860,768,426,952,737,667,742,723,35.92,87192.27,37.00,54.00,NamaquaCabSav0916
2024-09-16 15:27:48,424,860,766,424,950,736,666,743,724,35.91,87152.38,37.00,54.00,NamaquaCabSav0916
2024-09-16 15:27:48,423,860,767,427,952,736,665,741,723,35.91,87044.77,37.00,54.00,NamaquaCabSav0916
2024-09-16 15:27:49,424,860,766,424,951,738,666,741,722,35.91,87045.77,37.00,54.00,NamaquaCabSav0916
2024-09-16 15:27:49,425,860,767,424,951,737,665,743,722,35.91,87010.30,37.00,54.00,NamaquaCabSav0916
2024-09-16 15:27:50,424,861,768,424,952,736,666,742,724,35.91,86969.05,37.00,54.00,NamaquaCabSav0916
2024-09-16 15:27:50,427,861,768,426,951,736,666,743,722,35.91,87028.12,37.00,54.00,NamaquaCabSav0916
2024-09-16 15:27:51,425,861,769,424,951,736,666,743,725,35.90,86912.35,37.00,54.00,NamaquaCabSav0916
2024-09-16 15:27:51,425,859,767,425,951,736,665,742,722,35.90,86932.33,37.00,54.00,NamaquaCabSav0916
2024-09-16 15:27:52,427,860,767,425,952,737,666,742,722,35.90,87027.05,37.00,54.00,NamaquaCabSav0916
2024-09-16 15:27:52,427,859,769,423,952,736,666,743,723,35.90,87116.52,37.00,54.00,NamaquaCabSav0916
2024-09-16 15:27:53,427,859,767,422,951,736,665,742,724,35.90,86773.44,37.00,54.00,NamaquaCabSav0916
2024-09-16 15:27:53,428,860,767,424,953,736,665,743,723,35.90,86696.38,37.00,54.00,NamaquaCabSav0916
2024-09-16 15:27:54,427,862,767,422,953,737,664,742,723,35.90,86420.16,37.00,54.00,NamaquaCabSav0916
2024-09-16 15:27:54,426,859,769,425,951,737,667,744,723,35.89,86340.23,37.00,54.00,NamaquaCabSav0916
2024-09-16 15:27:55,427,859,767,424,951,736,665,742,722,35.89,86289.57,37.00,54.00,NamaquaCabSav0916
2024-09-16 15:27:55,426,861,769,424,953,736,665,744,723,35.89,85866.10,37.00,54.00,NamaquaCabSav0916
2024-09-16 15:27:56,426,861,770,424,952,736,665,743,722,35.89,85736.65,37.00,54.00,NamaquaCabSav0916
2024-09-16 15:27:57,428,861,770,422,951,736,664,741,722,35.89,84513.50,37.00,54.00,NamaquaCabSav0916
2024-09-16 15:27:57,427,859,768,423,951,734,664,743,722,35.88,83857.78,37.00,54.00,NamaquaCabSav0916
2024-09-16 15:27:58,427,859,770,422,951,735,663,741,722,35.88,83889.21,37.00,54.00,NamaquaCabSav0916
2024-09-16 15:27:58,427,859,767,424,951,737,664,739,722,35.87,84585.91,37.00,54.00,NamaquaCabSav0916
2024-09-16 15:27:59,428,859,767,425,952,729,663,729,724,35.90,85557.86,37.00,54.00,NamaquaCabSav0916
2024-09-16 15:28:00,427,861,766,423,950,730,664,730,723,35.91,85633.89,37.00,54.00,NamaquaCabSav0916
2024-09-16 15:28:00,426,859,767,423,952,729,664,732,723,35.92,85642.51,37.00,54.00,NamaquaCabSav0916
2024-09-16 15:28:01,427,860,768,424,951,728,665,731,723,35.91,85656.10,37.00,54.00,NamaquaCabSav0916
2024-09-16 15:28:01,427,859,769,423,952,729,666,729,724,35.92,85682.69,37.00,54.00,NamaquaCabSav0916
2024-09-16 15:28:02,428,860,767,425,950,728,664,730,723,35.92,85742.25,37.00,54.00,NamaquaCabSav0916
2024-09-16 15:28:02,427,861,767,426,952,729,666,730,723,35.92,85713.25,37.00,54.00,NamaquaCabSav0916
2024-09-16 15:28:03,428,859,770,426,952,729,665,730,724,35.92,85736.67,37.00,54.00,NamaquaCabSav0916
2024-09-16 15:28:03,429,858,769,424,950,729,665,729,725,35.92,85904.38,37.00,54.00,NamaquaCabSav0916
2024-09-16 15:28:04,431,860,769,425,953,728,664,731,725,35.92,85959.41,37.00,54.00,NamaquaCabSav0916
2024-09-16 15:28:04,430,860,769,425,953,730,664,732,724,35.92,85941.96,37.00,54.00,NamaquaCabSav0916
2024-09-16 15:28:05,431,862,770,424,950,730,665,731,724,35.92,85867.35,37.00,54.00,NamaquaCabSav0916
2024-09-16 15:28:05,432,861,772,426,951,730,665,730,722,35.92,85846.57,37.00,54.00,NamaquaCabSav0916
2024-09-16 15:28:06,431,861,772,427,951,730,665,732,722,35.92,85792.03,37.00,54.00,NamaquaCabSav0916
2024-09-16 15:28:07,431,860,771,426,950,729,665,731,722,35.92,85784.21,37.00,54.00,NamaquaCabSav0916
2024-09-16 15:28:07,434,859,773,425,951,729,666,730,725,35.92,85895.49,37.00,54.00,NamaquaCabSav0916
2024-09-16 15:28:08,434,859,772,426,952,729,667,732,725,35.93,85854.30,37.00,54.00,NamaquaCabSav0916
2024-09-16 15:28:08,433,859,774,426,951,730,667,731,723,35.93,85898.48,37.00,54.00,NamaquaCabSav0916
2024-09-16 15:28:09,434,861,773,425,950,729,667,731,723,35.93,85969.42,37.00,54.00,NamaquaCabSav0916
2024-09-16 15:28:09,434,861,773,425,951,728,667,732,722,35.92,86373.32,37.00,54.00,NamaquaCabSav0916
2024-09-16 15:28:10,436,860,774,427,953,729,666,731,723,35.93,86333.50,37.00,54.00,NamaquaCabSav0916
2024-09-16 15:28:10,436,859,774,427,951,729,666,733,724,35.93,86247.03,37.00,54.00,NamaquaCabSav0916
2024-09-16 15:28:11,436,860,773,428,951,728,666,732,725,35.93,86194.79,37.00,54.00,NamaquaCabSav0916
2024-09-16 15:28:11,438,861,775,428,952,728,666,733,722,35.93,86182.75,37.00,54.00,NamaquaCabSav0916
2024-09-16 15:28:12,437,860,774,425,951,730,665,732,722,35.93,86143.42,37.00,54.00,NamaquaCabSav0916
2024-09-16 15:28:12,438,860,773,427,952,729,666,731,722,35.93,86015.72,37.00,54.00,NamaquaCabSav0916
2024-09-16 15:28:13,437,861,774,425,952,728,666,732,724,35.93,85883.65,37.00,54.00,NamaquaCabSav0916
2024-09-16 15:28:13,440,859,775,426,952,729,667,730,724,35.93,85556.28,37.00,54.00,NamaquaCabSav0916
2024-09-16 15:28:14,454,857,774,421,952,730,665,733,723,35.91,85300.35,37.00,54.00,NamaquaCabSav0916
2024-09-16 15:28:15,455,858,775,424,952,728,665,730,722,35.91,85450.71,37.00,54.00,NamaquaCabSav0916
2024-09-16 15:28:15,454,859,777,421,951,729,667,730,723,35.92,85312.23,37.00,54.00,NamaquaCabSav0916
2024-09-16 15:28:16,454,857,775,421,951,728,666,730,724,35.92,85267.18,37.00,54.00,NamaquaCabSav0916
2024-09-16 15:28:17,456,859,777,420,951,729,665,731,723,35.92,85010.44,37.00,54.00,NamaquaCabSav0916
2024-09-16 15:28:17,454,857,775,421,953,729,667,729,725,35.92,84818.52,37.00,54.00,NamaquaCabSav0916
2024-09-16 15:28:18,459,857,776,421,950,730,664,731,722,35.93,84201.32,37.00,54.00,NamaquaCabSav0916
2024-09-16 15:28:18,457,859,778,421,950,728,665,729,722,35.92,83559.93,37.00,54.00,NamaquaCabSav0916
2024-09-16 15:28:19,459,858,779,422,950,730,666,729,724,35.91,83219.92,37.00,54.00,NamaquaCabSav0916
2024-09-16 15:28:19,458,857,777,421,951,730,665,727,722,35.92,83153.94,37.00,54.00,NamaquaCabSav0916
2024-09-16 15:28:20,459,860,776,422,953,730,666,725,724,35.91,83100.53,37.00,54.00,NamaquaCabSav0916
2024-09-16 15:28:20,460,857,777,423,953,729,664,725,724,35.91,83013.97,37.00,54.00,NamaquaCabSav0916
2024-09-16 15:28:21,460,858,779,423,953,729,664,723,724,35.91,83748.24,37.00,54.00,NamaquaCabSav0916
2024-09-16 15:28:21,462,858,777,421,952,730,664,725,722,35.91,83843.89,37.00,54.00,NamaquaCabSav0916
2024-09-16 15:28:22,461,860,778,421,951,729,664,716,724,35.95,83053.83,37.00,54.00,NamaquaCabSav0916
2024-09-16 15:28:23,462,857,780,422,953,729,664,715,724,35.95,82988.18,37.00,54.00,NamaquaCabSav0916
2024-09-16 15:28:23,464,859,779,423,951,727,665,714,722,35.95,82977.55,37.00,54.00,NamaquaCabSav0916
2024-09-16 15:28:24,466,858,777,424,952,728,663,714,724,35.95,82915.77,37.00,54.00,NamaquaCabSav0916
2024-09-16 15:28:24,464,857,778,423,949,727,664,712,723,35.95,84248.70,37.00,54.00,NamaquaCabSav0916
2024-09-16 15:28:25,466,858,778,421,951,726,664,716,724,35.95,84617.50,37.00,54.00,NamaquaCabSav0916
2024-09-16 15:28:25,464,858,780,423,952,728,665,715,725,35.96,85126.22,37.00,54.00,NamaquaCabSav0916
2024-09-16 15:28:26,468,858,778,422,953,728,664,716,724,35.96,85354.19,37.00,54.00,NamaquaCabSav0916
2024-09-16 15:28:27,465,859,780,423,952,728,664,718,724,35.96,85535.35,37.00,54.00,NamaquaCabSav0916
2024-09-16 15:28:27,466,858,778,424,954,727,667,718,723,35.96,85749.86,37.00,54.00,NamaquaCabSav0916
2024-09-16 15:28:28,467,860,780,425,953,728,665,718,724,35.97,85960.61,37.00,54.00,NamaquaCabSav0916
2024-09-16 15:28:28,467,859,779,423,950,728,664,719,724,35.98,86146.17,37.00,54.00,NamaquaCabSav0916
2024-09-16 15:28:29,468,857,780,421,952,729,666,719,723,35.97,86191.07,37.00,54.00,NamaquaCabSav0916
2024-09-16 15:28:29,469,859,779,424,951,729,666,719,724,35.98,86166.14,37.00,54.00,NamaquaCabSav0916
2024-09-16 15:28:30,468,858,778,422,952,727,666,719,723,35.99,86225.92,37.00,54.00,NamaquaCabSav0916
2024-09-16 15:28:30,469,858,778,421,951,729,667,718,723,35.99,86239.38,37.00,54.00,NamaquaCabSav0916
2024-09-16 15:28:31,467,860,777,423,952,728,665,721,725,35.99,86284.97,37.00,54.00,NamaquaCabSav0916
2024-09-16 15:28:31,467,860,779,422,952,728,665,720,723,35.99,86259.28,37.00,54.00,NamaquaCabSav0916
2024-09-16 15:28:32,467,859,779,421,951,727,666,720,722,35.99,86259.13,37.00,54.00,NamaquaCabSav0916
2024-09-16 15:28:32,468,860,778,420,953,728,665,719,723,35.99,86225.57,37.00,54.00,NamaquaCabSav0916
2024-09-16 15:28:33,470,859,778,423,952,727,665,720,724,35.99,86203.55,37.00,54.00,NamaquaCabSav0916
2024-09-16 15:28:33,467,859,778,421,952,728,666,721,723,35.99,86085.63,37.00,54.00,NamaquaCabSav0916
2024-09-16 15:28:34,467,859,778,421,951,729,666,722,724,35.99,86165.13,37.00,54.00,NamaquaCabSav0916
2024-09-16 15:28:34,468,858,777,423,951,729,666,721,722,35.98,86086.29,37.00,54.00,NamaquaCabSav0916
2024-09-16 15:28:35,468,858,777,422,949,729,666,720,723,35.99,86157.42,37.00,54.00,NamaquaCabSav0916
2024-09-16 15:28:35,468,858,776,421,951,729,667,721,722,35.98,86181.86,37.00,55.00,NamaquaCabSav0916
2024-09-16 15:28:36,467,859,779,422,950,728,666,722,723,35.98,86274.63,37.00,55.00,NamaquaCabSav0916
2024-09-16 15:28:37,468,859,778,425,953,728,666,721,723,35.98,86270.24,37.00,55.00,NamaquaCabSav0916
2024-09-16 15:28:37,467,859,777,423,951,728,665,720,723,35.98,86298.76,37.00,55.00,NamaquaCabSav0916
2024-09-16 15:28:38,465,858,776,423,951,728,665,721,723,35.98,86292.27,37.00,55.00,NamaquaCabSav0916
2024-09-16 15:28:38,467,859,778,425,951,728,667,720,724,35.98,86378.94,37.00,55.00,NamaquaCabSav0916
2024-09-16 15:28:39,465,859,778,424,953,729,667,723,724,35.98,86391.88,37.00,55.00,NamaquaCabSav0916
2024-09-16 15:28:39,467,858,778,424,950,727,667,723,723,35.98,86426.29,37.00,55.00,NamaquaCabSav0916
2024-09-16 15:28:40,468,858,776,423,950,729,667,721,723,35.98,86458.45,37.00,55.00,NamaquaCabSav0916
2024-09-16 15:28:40,467,857,778,425,951,729,666,723,723,35.98,86606.78,37.00,55.00,NamaquaCabSav0916
2024-09-16 15:28:41,466,858,777,423,951,727,666,722,723,35.98,86733.13,37.00,55.00,NamaquaCabSav0916
2024-09-16 15:28:41,466,858,777,425,951,729,666,722,723,35.98,86329.16,37.00,55.00,NamaquaCabSav0916
2024-09-16 15:28:42,468,858,778,425,951,729,666,722,723,35.98,86212.97,37.00,55.00,NamaquaCabSav0916
2024-09-16 15:28:42,466,859,778,424,952,729,666,723,722,35.98,85863.33,37.00,55.00,NamaquaCabSav0916
2024-09-16 15:28:43,469,860,778,422,950,728,667,722,721,35.98,84797.82,37.00,55.00,NamaquaCabSav0916
2024-09-16 15:28:43,469,858,777,424,952,730,664,721,723,35.97,83958.75,37.00,55.00,NamaquaCabSav0916
2024-09-16 15:28:45,468,858,777,425,952,726,663,716,723,35.96,85109.82,37.00,54.00,NamaquaCabSav0916
2024-09-16 15:28:45,467,857,777,422,950,727,665,719,723,35.97,85727.85,37.00,54.00,NamaquaCabSav0916
2024-09-16 15:28:46,467,858,776,422,952,727,665,720,724,35.97,85936.27,37.00,54.00,NamaquaCabSav0916
2024-09-16 15:28:46,469,857,777,424,952,726,664,719,723,35.98,86051.32,37.00,54.00,NamaquaCabSav0916
2024-09-16 15:28:47,466,859,778,422,952,727,665,721,724,35.98,86364.09,37.00,54.00,NamaquaCabSav0916
2024-09-16 15:28:47,468,857,779,424,949,726,666,720,724,35.98,86500.41,37.00,54.00,NamaquaCabSav0916
2024-09-16 15:28:48,516,856,791,423,951,728,665,722,724,35.98,86430.86,37.00,54.00,NamaquaCabSav0916
2024-09-16 15:28:49,515,856,789,423,952,728,665,721,722,35.99,86438.75,37.00,54.00,NamaquaCabSav0916
2024-09-16 15:28:50,516,857,788,422,951,727,663,722,722,35.99,86475.80,37.00,54.00,NamaquaCabSav0916
2024-09-16 15:28:50,516,859,787,424,951,727,664,721,724,35.98,86448.86,37.00,54.00,NamaquaCabSav0916
2024-09-16 15:28:51,516,859,790,422,950,727,665,723,722,35.98,86446.91,37.00,54.00,NamaquaCabSav0916
2024-09-16 15:28:51,516,856,789,424,949,726,666,722,723,35.98,86388.55,37.00,54.00,NamaquaCabSav0916
2024-09-16 15:28:52,517,858,787,424,951,728,666,722,723,35.98,86479.24,37.00,54.00,NamaquaCabSav0916
2024-09-16 15:28:52,516,856,788,423,951,727,665,723,724,35.98,86443.25,37.00,54.00,NamaquaCabSav0916
2024-09-16 15:28:53,515,859,787,422,952,726,664,722,723,35.98,86464.41,37.00,54.00,NamaquaCabSav0916
2024-09-16 15:28:53,517,856,788,424,950,728,665,722,724,35.98,86398.16,37.00,54.00,NamaquaCabSav0916
2024-09-16 15:28:54,514,857,790,423,951,728,664,722,722,35.98,86355.03,37.00,54.00,NamaquaCabSav0916
2024-09-16 15:28:54,515,857,790,422,951,728,664,722,723,35.98,86311.64,37.00,54.00,NamaquaCabSav0916
2024-09-16 15:28:55,514,856,788,423,951,727,664,723,722,35.97,86290.32,37.00,54.00,NamaquaCabSav0916
2024-09-16 15:28:55,514,859,786,424,950,727,665,725,723,35.97,86289.99,37.00,54.00,NamaquaCabSav0916
2024-09-16 15:28:56,515,860,786,423,952,727,664,725,724,35.97,86251.87,37.00,54.00,NamaquaCabSav0916
2024-09-16 15:28:56,514,857,787,422,953,727,666,723,722,35.97,86193.69,37.00,54.00,NamaquaCabSav0916
2024-09-16 15:28:57,513,859,786,424,950,727,664,724,722,35.97,86177.24,37.00,54.00,NamaquaCabSav0916
2024-09-16 15:28:57,513,856,787,424,951,727,667,725,722,35.98,86096.00,37.00,54.00,NamaquaCabSav0916
2024-09-16 15:28:58,514,857,786,423,949,727,664,724,722,35.98,86203.85,37.00,54.00,NamaquaCabSav0916
2024-09-16 15:28:58,513,858,786,422,950,727,665,725,722,35.97,86174.11,37.00,54.00,NamaquaCabSav0916
2024-09-16 15:28:59,513,857,789,422,950,727,666,723,723,35.97,86104.53,37.00,54.00,NamaquaCabSav0916
2024-09-16 15:29:00,512,857,786,423,950,727,664,726,723,35.97,86038.64,37.00,54.00,NamaquaCabSav0916
2024-09-16 15:29:00,514,859,787,424,951,728,664,725,723,35.97,86147.01,37.00,54.00,NamaquaCabSav0916
2024-09-16 15:29:01,512,858,786,422,951,726,666,725,722,35.97,85992.17,37.00,54.00,NamaquaCabSav0916
2024-09-16 15:29:01,511,859,788,423,951,727,665,725,724,35.97,86917.61,37.00,54.00,NamaquaCabSav0916
2024-09-16 15:29:02,509,857,787,425,952,726,664,725,722,35.97,86337.47,37.00,54.00,NamaquaCabSav0916
2024-09-16 15:29:02,508,858,785,425,952,729,664,726,722,35.97,85807.03,37.00,54.00,NamaquaCabSav0916
2024-09-16 15:29:03,507,857,784,423,951,726,664,724,722,35.97,84610.91,37.00,54.00,NamaquaCabSav0916
2024-09-16 15:29:03,508,857,784,424,951,728,664,722,723,35.96,83887.14,37.00,54.00,NamaquaCabSav0916
2024-09-16 15:29:04,506,858,786,425,951,728,665,723,724,35.96,83599.10,37.00,54.00,NamaquaCabSav0916
2024-09-16 15:29:04,506,857,785,423,949,727,664,721,723,35.95,83508.16,37.00,54.00,NamaquaCabSav0916
2024-09-16 15:29:05,506,858,786,423,951,726,665,721,722,35.95,83376.55,37.00,54.00,NamaquaCabSav0916
2024-09-16 15:29:05,506,856,784,425,953,726,663,721,724,35.95,83227.49,37.00,54.00,NamaquaCabSav0916
2024-09-16 15:29:06,505,858,786,425,951,725,663,719,724,35.96,83108.10,37.00,54.00,NamaquaCabSav0916
2024-09-16 15:29:07,505,857,784,425,950,723,664,718,723,35.97,84150.82,37.00,53.00,NamaquaCabSav0916
2024-09-16 15:29:08,506,858,785,425,952,722,663,718,724,35.97,84217.88,37.00,53.00,NamaquaCabSav0916
2024-09-16 15:29:08,505,859,784,427,950,724,663,718,723,35.97,84259.26,37.00,53.00,NamaquaCabSav0916
2024-09-16 15:29:09,506,857,785,425,950,724,663,718,724,35.98,84424.28,37.00,53.00,NamaquaCabSav0916
2024-09-16 15:29:09,507,857,784,426,951,723,665,717,722,35.98,83782.97,37.00,53.00,NamaquaCabSav0916
2024-09-16 15:29:10,505,857,787,427,951,723,665,716,723,35.98,83293.33,37.00,53.00,NamaquaCabSav0916
2024-09-16 15:29:11,506,856,786,427,953,722,664,716,723,35.98,83173.94,37.00,53.00,NamaquaCabSav0916
2024-09-16 15:29:11,506,858,785,424,950,722,663,714,723,35.98,83193.82,37.00,53.00,NamaquaCabSav0916
2024-09-16 15:29:12,507,859,787,424,950,722,664,714,722,35.97,84124.28,37.00,53.00,NamaquaCabSav0916
2024-09-16 15:29:12,507,857,787,426,950,723,663,715,723,35.98,84554.21,37.00,53.00,NamaquaCabSav0916
2024-09-16 15:29:13,507,857,786,424,950,724,665,714,723,35.98,85105.21,37.00,53.00,NamaquaCabSav0916
2024-09-16 15:29:13,509,858,786,424,949,725,663,715,724,35.98,85358.32,37.00,53.00,NamaquaCabSav0916
2024-09-16 15:29:14,508,856,786,423,950,723,664,717,725,35.99,85544.38,37.00,53.00,NamaquaCabSav0916
2024-09-16 15:29:14,508,859,786,424,950,724,664,718,724,35.99,85489.21,37.00,54.00,NamaquaCabSav0916
2024-09-16 15:29:15,509,857,787,425,952,724,665,718,725,36.00,85644.53,37.00,54.00,NamaquaCabSav0916
2024-09-16 15:29:15,510,857,787,425,952,722,664,717,724,36.00,85711.47,37.00,54.00,NamaquaCabSav0916
2024-09-16 15:29:16,512,856,786,425,950,724,664,717,723,36.00,85802.81,37.00,54.00,NamaquaCabSav0916
2024-09-16 15:29:16,510,856,787,423,951,724,665,717,722,36.00,85910.64,37.00,54.00,NamaquaCabSav0916
2024-09-16 15:29:17,511,859,789,423,950,723,666,719,723,36.01,85988.24,37.00,54.00,NamaquaCabSav0916
2024-09-16 15:29:17,510,858,788,424,952,724,666,717,724,36.01,86011.82,37.00,54.00,NamaquaCabSav0916
2024-09-16 15:29:18,511,858,788,423,951,724,667,719,722,36.01,86021.80,37.00,54.00,NamaquaCabSav0916
2024-09-16 15:29:18,511,858,787,425,952,722,666,718,724,36.01,86136.22,37.00,54.00,NamaquaCabSav0916
2024-09-16 15:29:19,514,857,788,425,951,722,665,718,722,36.01,86150.77,37.00,54.00,NamaquaCabSav0916
2024-09-16 15:29:19,512,858,789,424,950,723,667,720,723,36.01,86239.36,37.00,54.00,NamaquaCabSav0916
2024-09-16 15:29:20,514,857,788,424,951,722,666,719,721,36.01,86347.16,37.00,54.00,NamaquaCabSav0916
2024-09-16 15:29:21,513,858,788,425,952,723,665,718,724,36.02,86406.27,37.00,54.00,NamaquaCabSav0916
2024-09-16 15:29:21,515,856,789,427,950,724,666,719,722,36.02,86524.42,37.00,54.00,NamaquaCabSav0916
2024-09-16 15:29:22,516,859,788,424,951,723,666,719,724,36.01,86792.49,37.00,54.00,NamaquaCabSav0916
2024-09-16 15:29:23,535,857,792,424,950,724,666,720,723,36.02,87084.55,37.00,54.00,NamaquaCabSav0916
2024-09-16 15:29:23,534,856,792,426,951,723,667,722,723,36.02,87130.86,37.00,54.00,NamaquaCabSav0916
2024-09-16 15:29:24,534,857,791,423,950,723,667,722,722,36.02,86999.28,37.00,54.00,NamaquaCabSav0916
2024-09-16 15:29:24,534,857,793,425,952,723,667,720,722,36.02,86969.19,37.00,54.00,NamaquaCabSav0916
2024-09-16 15:29:25,534,858,792,424,950,725,666,722,721,36.01,87074.00,37.00,54.00,NamaquaCabSav0916
2024-09-16 15:29:25,536,857,794,425,949,725,666,721,722,36.01,87000.77,37.00,54.00,NamaquaCabSav0916
2024-09-16 15:29:26,536,856,791,425,953,725,666,721,723,36.01,87082.05,37.00,54.00,NamaquaCabSav0916
2024-09-16 15:29:26,536,857,791,424,951,724,666,723,721,36.01,87269.25,37.00,54.00,NamaquaCabSav0916
2024-09-16 15:29:27,536,856,790,424,952,723,668,722,724,36.01,87509.44,37.00,54.00,NamaquaCabSav0916
2024-09-16 15:29:27,535,857,792,424,951,725,666,722,722,36.01,87315.42,37.00,54.00,NamaquaCabSav0916
2024-09-16 15:29:28,536,857,791,426,949,723,666,722,723,36.01,86463.53,37.00,54.00,NamaquaCabSav0916
2024-09-16 15:29:30,537,858,791,425,951,722,665,722,724,35.98,83611.56,37.00,53.00,NamaquaCabSav0916
2024-09-16 15:29:31,535,859,790,425,949,720,664,720,723,35.98,83217.41,37.00,53.00,NamaquaCabSav0916
2024-09-16 15:29:31,534,856,790,423,950,722,663,718,723,35.98,83135.71,37.00,53.00,NamaquaCabSav0916
2024-09-16 15:29:32,536,858,790,424,950,720,662,717,723,35.98,83215.13,37.00,53.00,NamaquaCabSav0916
2024-09-16 15:29:32,534,857,792,425,950,720,663,718,723,35.98,83917.07,37.00,53.00,NamaquaCabSav0916
2024-09-16 15:29:33,533,859,789,424,953,720,664,718,723,35.99,84469.72,37.00,53.00,NamaquaCabSav0916
2024-09-16 15:29:33,532,856,791,425,950,720,663,720,724,35.98,84838.72,37.00,53.00,NamaquaCabSav0916
2024-09-16 15:29:34,533,857,790,424,952,721,664,721,723,35.99,84962.90,37.00,53.00,NamaquaCabSav0916
2024-09-16 15:29:34,533,857,792,423,950,720,664,720,722,35.99,85222.63,37.00,53.00,NamaquaCabSav0916
2024-09-16 15:29:35,532,858,789,424,949,722,664,720,724,35.99,85524.85,37.00,53.00,NamaquaCabSav0916
2024-09-16 15:29:35,532,859,790,424,949,720,665,720,724,36.00,85770.14,37.00,53.00,NamaquaCabSav0916
2024-09-16 15:29:36,532,857,789,423,952,721,665,720,723,36.00,85937.37,37.00,53.00,NamaquaCabSav0916
2024-09-16 15:29:36,529,859,791,426,951,721,664,722,722,36.01,86202.10,37.00,53.00,NamaquaCabSav0916
2024-09-16 15:29:37,528,859,788,423,951,720,664,721,723,36.01,86309.07,37.00,53.00,NamaquaCabSav0916
2024-09-16 15:29:37,528,858,788,424,951,720,664,721,723,36.01,86316.91,37.00,53.00,NamaquaCabSav0916
2024-09-16 15:29:38,528,857,790,425,951,720,664,723,722,36.01,86327.07,37.00,53.00,NamaquaCabSav0916
2024-09-16 15:29:38,528,858,787,425,950,721,664,722,723,36.01,86318.83,37.00,53.00,NamaquaCabSav0916
2024-09-16 15:29:39,528,858,788,423,950,720,665,723,723,36.01,86499.17,37.00,53.00,NamaquaCabSav0916
2024-09-16 15:29:40,526,857,788,425,951,722,665,723,722,36.01,86633.75,37.00,53.00,NamaquaCabSav0916
2024-09-16 15:29:40,526,857,788,425,950,722,665,723,723,36.01,86631.48,37.00,53.00,NamaquaCabSav0916
2024-09-16 15:29:41,526,856,787,423,949,720,664,723,724,36.01,86700.51,37.00,53.00,NamaquaCabSav0916
2024-09-16 15:29:41,526,857,787,425,951,722,664,722,723,36.01,86631.65,37.00,54.00,NamaquaCabSav0916
2024-09-16 15:29:42,526,856,790,423,952,722,666,724,722,36.01,86584.64,37.00,54.00,NamaquaCabSav0916
2024-09-16 15:29:42,525,856,788,423,950,720,665,725,724,36.01,86691.27,37.00,54.00,NamaquaCabSav0916
2024-09-16 15:29:43,524,856,787,425,951,722,665,724,723,36.01,86700.16,37.00,54.00,NamaquaCabSav0916
2024-09-16 15:29:43,524,856,789,426,950,722,664,723,724,36.01,86712.59,37.00,54.00,NamaquaCabSav0916
2024-09-16 15:29:44,525,858,789,425,951,720,665,725,723,36.01,86723.58,37.00,54.00,NamaquaCabSav0916
2024-09-16 15:29:44,524,859,788,422,951,721,665,725,722,36.01,86687.22,37.00,54.00,NamaquaCabSav0916
2024-09-16 15:29:45,522,858,788,422,951,721,665,724,724,36.02,86720.48,37.00,54.00,NamaquaCabSav0916
2024-09-16 15:29:45,522,857,787,425,949,720,666,725,722,36.01,86651.92,37.00,54.00,NamaquaCabSav0916
2024-09-16 15:29:46,524,857,788,425,951,721,666,724,723,36.02,86508.96,37.00,54.00,NamaquaCabSav0916
2024-09-16 15:29:46,521,856,787,422,950,720,665,726,723,36.00,86490.92,37.00,54.00,NamaquaCabSav0916
2024-09-16 15:29:47,523,858,787,423,951,722,666,726,723,36.01,86466.85,37.00,54.00,NamaquaCabSav0916
2024-09-16 15:29:47,522,856,787,425,950,721,664,726,724,36.01,86432.08,37.00,54.00,NamaquaCabSav0916
2024-09-16 15:29:48,522,858,789,422,950,721,666,726,723,36.01,86226.07,37.00,54.00,NamaquaCabSav0916
2024-09-16 15:29:49,523,857,787,422,949,720,665,727,722,36.01,85592.52,37.00,54.00,NamaquaCabSav0916
2024-09-16 15:29:49,522,858,787,422,953,721,665,725,722,36.01,85191.46,37.00,54.00,NamaquaCabSav0916
2024-09-16 15:29:50,521,855,788,423,949,721,666,725,722,36.00,84160.33,37.00,54.00,NamaquaCabSav0916
2024-09-16 15:29:50,520,856,787,423,953,720,665,723,724,36.00,83654.01,37.00,54.00,NamaquaCabSav0916
2024-09-16 15:29:51,520,857,789,422,949,720,666,722,722,35.99,83506.30,37.00,54.00,NamaquaCabSav0916
2024-09-16 15:29:51,522,856,788,423,950,721,665,723,724,35.99,83640.90,37.00,54.00,NamaquaCabSav0916
2024-09-16 15:29:52,521,856,789,422,949,720,667,732,723,36.03,87733.39,37.00,53.00,NamaquaCabSav0916
2024-09-16 15:29:53,518,856,788,422,950,721,666,734,722,36.03,87807.49,37.00,53.00,NamaquaCabSav0916
2024-09-16 15:29:53,519,856,786,421,951,720,665,732,723,36.02,87813.58,37.00,53.00,NamaquaCabSav0916
2024-09-16 15:29:54,518,856,787,423,951,719,664,734,723,36.02,87815.50,37.00,53.00,NamaquaCabSav0916
2024-09-16 15:29:54,517,856,787,422,950,721,665,734,722,36.02,87768.64,37.00,53.00,NamaquaCabSav0916
2024-09-16 15:29:55,518,857,785,423,951,721,665,733,721,36.02,87682.39,37.00,53.00,NamaquaCabSav0916
2024-09-16 15:29:55,517,857,788,423,949,719,664,734,723,36.02,87524.91,37.00,53.00,NamaquaCabSav0916
2024-09-16 15:29:56,518,857,786,423,950,721,664,734,723,36.01,87362.80,37.00,53.00,NamaquaCabSav0916
